date,observer,time_of_day,time ,turtle_id ,entry_position,entry_prox,bouts ,session
12/22/23,gh,AM,8:21,74,under,medium,1,1
12/22/23,gh,AM,8:22,56,under,medium,1,1
12/22/23,gh,AM,8:22,74,under,medium,1,1
12/22/23,gh,AM,8:24,80,under,far,1,1
12/22/23,gh,AM,8:25,56,under,medium,3,1
12/22/23,gh,AM,8:26,74,under,medium,1,1
12/22/23,gh,AM,8:27,9,under,medium,3,1
12/22/23,gh,AM,8:28,48,under,close,1,1
12/22/23,gh,AM,8:28,54,under,close,1,1
12/22/23,gh,AM,8:29,56,under,close,3,1
12/22/23,gh,AM,8:29,33,under,close,2,1
12/22/23,gh,AM,8:30,80,under,far,2,1
12/22/23,gh,AM,8:31,56,direct,medium,1,1
12/22/23,gh,AM,8:33,100,under,medium,1,1
12/22/23,gh,AM,8:34,56,direct,far,1,1
12/22/23,gh,AM,8:37,77,under,medium,1,1
12/22/23,gh,AM,8:37,100,under,medium,1,1
12/22/23,gh,AM,8:38,56,direct,far,1,1
12/22/23,gh,AM,8:41,70,under,medium,1,1
12/22/23,gh,AM,8:41,77,under,medium,1,1
12/22/23,gh,AM,8:42,70,under,medium,2,1
12/22/23,gh,AM,8:42,77,under,far,1,1
12/22/23,gh,AM,8:43,70,under,close,1,1
12/22/23,gh,AM,8:43,100,under,far,1,1
12/22/23,gh,AM,8:46,100,under,close,1,1
12/22/23,gh,AM,8:46,77,under,close,1,1
12/22/23,gh,AM,8:47,74,under,medium,1,1
12/22/23,gh,AM,8:47,56,under,medium,1,1
12/22/23,gh,AM,8:47,19,under,medium,1,1
12/22/23,gh,AM,8:48,9,under,medium,4,1
12/22/23,gh,AM,8:49,66,under,far,1,1
12/22/23,gh,AM,8:49,80,under,far,1,1
12/22/23,gh,AM,8:50,9,under,medium,1,1
12/22/23,gh,AM,8:51,87,under,medium,1,1
12/22/23,gh,AM,8:51,9,under,medium,1,1
12/22/23,gh,AM,8:52,9,under,close,1,1
12/22/23,gh,AM,8:53,56,under,close,1,1
12/22/23,gh,AM,8:53,9,under,close,3,1
12/22/23,gh,AM,8:53,4,under,close,1,1
12/22/23,gh,AM,8:54,100,under,medium,1,1
12/22/23,gh,AM,8:54,56,under,medium,1,1
12/22/23,gh,AM,8:54,9,under,close,2,1
12/22/23,gh,AM,8:55,66,under,medium,1,1
12/22/23,gh,AM,8:55,9,under,medium,2,1
12/22/23,gh,AM,8:55,70,under,far,1,1
12/22/23,gh,AM,8:57,4,under,far,1,1
12/22/23,gh,AM,8:59,56,under,far,1,1
12/22/23,gh,AM,9:01,56,under,far,1,1
12/22/23,gh,AM,9:01,19,under,medium,1,1
12/22/23,gh,AM,9:01,33,under,medium,1,1
12/22/23,gh,AM,9:01,66,under,medium,1,1
12/22/23,gh,AM,9:03,56,under,close,1,1
12/22/23,gh,AM,9:03,54,under,close,1,1
12/22/23,gh,AM,9:03,33,under,close,3,1
12/22/23,gh,AM,9:05,9,under,close,2,1
12/22/23,gh,AM,9:05,33,under,close,2,1
12/22/23,gh,AM,9:06,33,under,close,1,1
12/22/23,gh,AM,9:06,9,under,medium,1,1
12/22/23,gh,AM,9:07,33,under,medium,1,1
12/22/23,gh,AM,9:07,9,under,medium,1,1
12/22/23,gh,AM,9:08,74,under,far,1,1
12/22/23,gh,AM,9:08,100,under,far,1,1
12/22/23,gh,AM,9:08,54,under,far,1,1
12/22/23,gh,AM,9:08,56,under,medium,2,1
12/22/23,gh,AM,9:09,56,under,medium,1,1
12/22/23,gh,AM,9:09,100,under,medium,1,1
12/22/23,gh,AM,9:12,74,under,far,1,1
12/22/23,gh,AM,9:12,56,under,medium,1,1
12/22/23,gh,AM,9:12,54,under,medium,1,1
12/22/23,gh,AM,9:13,33,under,far,1,1
12/22/23,gh,AM,9:13,56,under,close,1,1
12/22/23,gh,AM,9:13,54,under,close,2,1
12/22/23,gh,AM,9:13,19,under,close,1,1
12/22/23,gh,AM,9:14,100,under,far,1,1
12/22/23,gh,AM,9:14,56,under,close,1,1
12/22/23,gh,AM,9:14,19,under,close,1,1
12/22/23,gh,AM,9:15,54,under,medium,4,1
12/22/23,gh,AM,9:15,56,under,medium,1,1
12/22/23,gh,AM,9:17,87,under,far,1,1
12/22/23,gh,AM,9:25,4,under,close,1,1
12/22/23,gh,AM,9:26,48,under,medium,1,1
12/22/23,gh,AM,9:27,77,under,far,1,1
12/22/23,gh,AM,9:27,80,under,medium,1,1
12/22/23,gh,AM,9:27,4,under,close,1,1
12/22/23,gh,AM,9:28,19,under,medium,1,1
12/22/23,gh,AM,9:28,74,under,close,1,1
12/22/23,gh,AM,9:28,66,under,close,1,1
12/22/23,gh,AM,9:29,74,under,close,1,1
12/22/23,gh,AM,9:29,66,under,close,1,1
12/22/23,gh,AM,9:29,56,under,close,1,1
12/22/23,gh,AM,9:29,19,under,close,1,1
12/22/23,gh,AM,9:29,74,under,medium,1,1
12/22/23,gh,AM,9:30,87,under,medium,1,1
12/22/23,gh,AM,9:30,66,under,medium,1,1
12/22/23,gh,AM,9:30,74,under,medium,1,1
12/22/23,gh,AM,9:30,56,under,medium,1,1
12/22/23,gh,AM,9:30,80,under,close,1,1
12/22/23,gh,AM,9:31,33,under,close,1,1
12/22/23,gh,AM,9:32,4,under,medium,1,1
12/22/23,gh,AM,9:33,33,under,medium,1,1
12/22/23,gh,AM,9:34,50,under,far,1,1
12/22/23,gh,AM,9:34,66,under,close,1,1
12/22/23,gh,AM,9:35,33,under,medium,2,1
12/22/23,gh,AM,9:35,4,under,close,9,1
12/22/23,gh,AM,9:36,80,under,close,3,1
12/22/23,gh,AM,9:37,66,under,close,1,1
12/22/23,gh,AM,9:37,80,under,close,1,1
12/22/23,gh,AM,9:38,4,under,close,1,1
12/22/23,gh,AM,9:38,77,under,close,1,1
12/22/23,gh,AM,9:38,66,under,close,1,1
12/22/23,gh,AM,9:41,77,under,close,1,1
12/22/23,gh,AM,9:41,4,under,close,1,1
12/22/23,gh,AM,9:41,56,under,close,1,1
12/22/23,gh,AM,9:41,74,under,close,2,1
12/22/23,gh,AM,9:42,74,under,close,2,1
12/22/23,gh,AM,9:42,19,under,medium,1,1
12/22/23,gh,AM,9:43,74,under,far,3,1
12/22/23,gh,AM,9:45,74,under,close,4,1
12/22/23,gh,AM,9:45,66,under,medium,1,1
12/22/23,gh,AM,9:48,74,under,close,1,1
12/22/23,gh,AM,9:49,50,under,far,1,1
12/22/23,gh,AM,9:49,74,under,far,1,1
12/22/23,gh,AM,9:49,87,under,close,1,1
12/22/23,gh,AM,9:49,48,under,far,1,1
12/22/23,gh,AM,9:50,87,under,close,1,1
12/22/23,gh,AM,9:53,74,under,medium,1,1
12/22/23,gh,AM,9:54,4,under,close,1,1
12/22/23,gh,AM,9:55,19,under,close,1,1
12/22/23,gh,AM,9:59,19,under,close,5,1
12/22/23,gh,AM,10:01,33,under,close,1,1
12/22/23,gh,AM,10:01,19,under,close,2,1
12/22/23,gh,AM,10:02,50,under,close,2,1
12/22/23,gh,AM,10:02,33,under,close,4,1
12/22/23,gh,AM,10:02,19,under,close,4,1
12/22/23,gh,AM,10:03,50,under,close,1,1
12/22/23,gh,AM,10:03,33,under,close,3,1
12/22/23,gh,AM,10:03,74,under,close,1,1
12/22/23,gh,AM,10:05,33,under,medium,1,1
12/22/23,gh,AM,10:05,50,under,close,1,1
12/22/23,gh,AM,10:06,74,under,close,2,1
12/22/23,gh,AM,10:06,33,under,close,5,1
12/22/23,gh,AM,10:06,50,under,close,1,1
12/22/23,gh,AM,10:07,77,under,close,1,1
12/22/23,gh,AM,10:08,33,under,close,5,1
12/22/23,gh,AM,10:08,50,under,close,1,1
12/22/23,gh,AM,10:10,33,under,close,4,1
12/22/23,gh,AM,10:10,50,under,close,1,1
12/22/23,gh,AM,10:11,70,under,close,1,1
12/22/23,gh,AM,10:12,87,under,far,1,1
12/22/23,gh,AM,10:12,77,under,close,2,1
12/22/23,gh,AM,10:12,33,under,close,3,1
12/22/23,gh,AM,10:13,74,under,close,1,1
12/22/23,gh,AM,10:13,87,under,close,1,1
12/22/23,gh,AM,10:14,33,under,close,2,1
12/22/23,gh,AM,10:14,87,under,close,1,1
12/22/23,gh,AM,10:14,74,under,close,1,1
12/22/23,gh,AM,10:14,100,under,close,1,1
12/22/23,gh,AM,10:15,74,under,close,2,1
12/22/23,gh,AM,10:15,33,under,close,3,1
12/22/23,gh,AM,10:17,33,under,close,3,1
12/22/23,gh,AM,10:18,33,under,close,2,1
12/22/23,gh,AM,10:18,54,under,close,1,1
12/22/23,gh,AM,10:18,105,under,close,1,1
12/22/23,gh,AM,10:19,9,under,close,2,1
12/22/23,gh,AM,10:19,33,under,close,1,1
12/22/23,gh,AM,10:21,33,under,far,2,1
1/30/2024,gh,AM,8:36,56,under,close,1,2
1/30/2024,gh,AM,8:36,54,under,close,1,2
1/30/2024,gh,AM,8:39,74,under,close,1,2
1/30/2024,gh,AM,8:40,74,under,close,2,2
1/30/2024,gh,AM,8:42,74,under,close,1,2
1/30/2024,gh,AM,8:42,76,under,medium,1,2
1/30/2024,gh,AM,8:43,74,under,close,2,2
1/30/2024,gh,AM,8:46,74,under,close,10,2
1/30/2024,gh,AM,8:46,33,under,close,6,2
1/30/2024,gh,AM,8:46,72,under,close,10,2
1/30/2024,gh,AM,8:47,70,under,close,3,2
1/30/2024,gh,AM,8:49,76,under,far,1,2
1/30/2024,gh,AM,8:51,9,under,medium,1,2
1/30/2024,gh,AM,8:51,74,under,close,5,2
1/30/2024,gh,AM,8:52,33,under,close,2,2
1/30/2024,gh,AM,8:52,70,under,close,1,2
1/30/2024,gh,AM,8:53,74,under,close,2,2
1/30/2024,gh,AM,8:53,70,under,medium,1,2
1/30/2024,gh,AM,8:54,33,under,medium,2,2
1/30/2024,gh,AM,8:54,74,under,medium,1,2
1/30/2024,gh,AM,8:54,76,under,close,1,2
1/30/2024,gh,AM,8:55,33,under,close,1,2
1/30/2024,gh,AM,8:55,74,under,close,8,2
1/30/2024,gh,AM,8:57,72,wall,close,6,2
1/30/2024,gh,AM,8:57,70,under,close,2,2
1/30/2024,gh,AM,8:57,54,under,close,3,2
1/30/2024,gh,AM,8:57,4,under,close,6,2
1/30/2024,gh,AM,8:59,4,wall,close,1,2
1/30/2024,gh,AM,8:59,4,under,close,3,2
1/30/2024,gh,AM,9:00,33,under,close,4,2
1/30/2024,gh,AM,9:00,72,wall,close,2,2
1/30/2024,gh,AM,9:01,9,wall,close,4,2
1/30/2024,gh,AM,9:02,4,under,close,1,2
1/30/2024,gh,AM,9:03,74,wall,close,1,2
1/30/2024,gh,AM,9:04,70,wall,close,1,2
1/30/2024,gh,AM,9:04,70,under,close,22,2
1/30/2024,gh,AM,9:04,9,under,close,5,2
1/30/2024,gh,AM,9:06,9,under,close,10,2
1/30/2024,gh,AM,9:10,70,under,close,3,2
1/30/2024,gh,AM,9:12,70,under,close,7,2
1/30/2024,gh,AM,9:12,54,under,close,2,2
1/30/2024,gh,AM,9:13,54,under,close,1,2
1/30/2024,gh,AM,9:14,70,under,close,14,2
1/30/2024,gh,AM,9:14,54,under,close,1,2
1/30/2024,gh,AM,9:17,33,under,close,1,2
1/30/2024,gh,AM,9:18,54,under,medium,1,2
1/30/2024,gh,AM,9:19,70,under,close,3,2
1/30/2024,gh,AM,9:21,87,wall,close,1,2
1/30/2024,gh,AM,9:21,54,wall,close,1,2
1/30/2024,gh,AM,9:21,54,under,close,1,2
1/30/2024,gh,AM,9:21,33,wall,close,33,2
1/30/2024,gh,AM,9:22,54,under,close,2,2
1/30/2024,gh,AM,9:22,87,wall,close,1,2
1/30/2024,gh,AM,9:24,54,under,medium,6,2
1/30/2024,gh,AM,9:24,33,under,medium,1,2
1/30/2024,gh,AM,9:26,56,wall,close,1,2
1/30/2024,gh,AM,9:27,54,under,close,1,2
1/30/2024,gh,AM,9:28,4,under,medium,1,2
1/30/2024,gh,AM,9:29,72,under,medium,1,2
1/30/2024,gh,AM,9:29,54,under,close,2,2
1/30/2024,gh,AM,9:38,70,under,close,2,2
1/30/2024,gh,AM,9:39,70,under,close,3,2
1/30/2024,gh,AM,9:40,77,under,close,3,2
1/30/2024,gh,AM,9:41,70,under,far,1,2
1/30/2024,gh,AM,9:41,74,under,medium,1,2
1/30/2024,gh,AM,9:42,77,under,close,1,2
1/30/2024,gh,AM,9:43,70,under,close,1,2
1/30/2024,gh,AM,9:44,70,under,close,3,2
1/30/2024,gh,AM,9:46,70,under,close,3,2
1/30/2024,gh,AM,9:48,56,under,medium,1,2
1/30/2024,gh,AM,9:48,70,under,close,2,2
1/30/2024,gh,AM,9:50,56,under,far,1,2
1/30/2024,gh,AM,9:52,56,wall,close,1,2
1/30/2024,gh,AM,9:52,70,under,close,1,2
1/30/2024,gh,AM,9:53,54,under,medium,1,2
1/30/2024,gh,AM,9:55,4,under,close,1,2
1/30/2024,gh,AM,10:01,19,under,far,1,2
1/30/2024,gh,AM,10:10,66,wall,close,1,2
1/30/2024,gh,AM,10:13,87,wall,close,1,2
1/30/2024,gh,AM,10:14,70,under,close,1,2
1/30/2024,gh,AM,10:17,87,wall,close,1,2
1/30/2024,gh,AM,10:19,72,under,medium,2,2
1/30/2024,gh,AM,10:21,4,under,close,2,2
1/30/2024,gh,AM,10:25,66,wall,close,1,2
1/30/2024,gh,AM,10:26,80,direct,medium,1,2
1/30/2024,gh,AM,10:27,72,under,far,1,2
1/30/2024,gh,AM,10:29,72,under,close,1,2
1/30/2024,gh,AM,10:29,80,under,close,1,2
1/30/2024,gh,AM,10:32,80,under,close,1,2
1/30/2024,gh,PM,3:44,76,wall,close,1,3
1/30/2024,gh,PM,3:44,74,wall,close,1,3
1/30/2024,gh,PM,3:47,76,wall,close,1,3
1/30/2024,gh,PM,3:48,74,under,close,1,3
1/30/2024,gh,PM,3:51,66,under,medium,1,3
1/30/2024,gh,PM,3:57,74,wall,close,1,3
1/30/2024,gh,PM,3:57,76,under,close,1,3
1/30/2024,gh,PM,3:58,72,under,medium,1,3
1/30/2024,gh,PM,3:58,74,under,close,1,3
1/30/2024,gh,PM,3:58,9,under,close,1,3
1/30/2024,gh,PM,4:00,72,under,close,1,3
1/30/2024,gh,PM,4:08,87,under,medium,1,3
1/30/2024,gh,PM,4:09,19,under,close,1,3
1/30/2024,gh,PM,4:12,70,wall,close,1,3
1/30/2024,gh,PM,4:12,19,wall,close,1,3
1/30/2024,gh,PM,4:12,72,under,medium,1,3
1/30/2024,gh,PM,4:14,74,wall,close,1,3
1/30/2024,gh,PM,4:14,19,under,medium,1,3
1/30/2024,gh,PM,4:15,70,wall,close,1,3
1/30/2024,gh,PM,4:15,72,wall,close,1,3
1/30/2024,gh,PM,4:16,70,under,close,1,3
1/30/2024,gh,PM,4:17,74,wall,close,1,3
1/30/2024,gh,PM,4:17,9,under,close,1,3
1/30/2024,gh,PM,4:27,9,under,medium,1,3
1/30/2024,gh,PM,4:28,76,under,close,1,3
1/30/2024,gh,PM,4:32,45,under,medium,1,3
1/30/2024,gh,PM,4:36,70,under,medium,1,3
1/30/2024,gh,PM,4:40,74,under,close,1,3
1/30/2024,gh,PM,4:42,56,under,medium,1,3
1/30/2024,gh,PM,4:47,70,under,close,2,3
1/30/2024,gh,PM,4:49,77,under,medium,1,3
1/30/2024,gh,PM,4:55,4,direct,close,1,3
1/30/2024,gh,PM,5:00,80,under,far,2,3
1/30/2024,gh,PM,5:04,66,wall,close,1,3
1/30/2024,gh,PM,5:06,77,direct,close,1,3
1/30/2024,gh,PM,5:06,66,under,medium,1,3
1/30/2024,gh,PM,5:09,77,under,close,1,3
1/30/2024,gh,PM,5:10,76,under,far,1,3
1/30/2024,gh,PM,5:11,77,under,close,2,3
1/30/2024,gh,PM,5:12,77,wall,close,1,3
1/30/2024,gh,PM,5:13,77,under,medium,1,3
1/30/2024,gh,PM,5:15,74,under,close,1,3
1/30/2024,gh,PM,5:16,70,direct,close,2,3
1/30/2024,gh,PM,5:16,70,under,medium,2,3
1/30/2024,gh,PM,5:16,77,under,close,1,3
1/30/2024,gh,PM,5:18,77,wall,close,1,3
1/30/2024,gh,PM,5:20,77,direct,medium,1,3
1/30/2024,gh,PM,5:20,70,under,far,1,3
1/30/2024,gh,PM,5:21,19,direct,close,1,3
1/30/2024,gh,PM,5:22,77,under,close,1,3
1/30/2024,gh,PM,5:23,77,under,close,3,3
1/30/2024,gh,PM,5:24,77,under,close,1,3
1/30/2024,gh,PM,5:29,77,under,close,2,3
1/30/2024,gh,PM,5:27,74,under,medium,1,3
1/30/2024,gh,PM,5:27,77,under,close,9,3
1/30/2024,gh,PM,5:32,77,under,close,1,3
1/31/2024,gh,PM,3:40,70,under,medium,2,4
1/31/2024,gh,PM,3:40,77,under,far,1,4
1/31/2024,gh,PM,3:43,54,under,far,1,4
1/31/2024,gh,PM,3:50,54,under,far,1,4
1/31/2024,gh,PM,4:00,54,under,far,1,4
1/31/2024,gh,PM,4:05,56,under,medium,1,4
1/31/2024,gh,PM,4:07,105,under,far,1,4
1/31/2024,gh,PM,4:10,77,wall,close,3,4
1/31/2024,gh,PM,4:10,19,under,medium,1,4
1/31/2024,gh,PM,4:13,77,wall,close,2,4
1/31/2024,gh,PM,4:14,9,under,close,1,4
1/31/2024,gh,PM,4:15,77,wall,close,1,4
1/31/2024,gh,PM,4:19,66,under,close,1,4
1/31/2024,gh,PM,4:19,76,under,close,1,4
1/31/2024,gh,PM,4:23,66,wall,close,1,4
1/31/2024,gh,PM,4:25,66,under,medium,4,4
1/31/2024,gh,PM,4:26,76,wall,close,1,4
1/31/2024,gh,PM,4:28,87,under,far,1,4
1/31/2024,gh,PM,4:39,66,under,close,1,4
1/31/2024,gh,PM,4:39,76,under,close,1,4
1/31/2024,gh,PM,5:04,80,under,far,2,4
2/2/2024,gh,AM,8:29,9,under,far,2,5
2/2/2024,gh,AM,8:31,87,under,close,1,5
2/2/2024,gh,AM,8:32,105,under,far,1,5
2/2/2024,gh,AM,8:33,77,direct,close,1,5
2/2/2024,gh,AM,8:34,33,under,close,1,5
2/2/2024,gh,AM,8:35,19,under,far,1,5
2/2/2024,gh,AM,8:36,77,under,medium,1,5
2/2/2024,gh,AM,8:37,48,direct,far,1,5
2/2/2024,gh,AM,8:37,4,wall,close,1,5
2/2/2024,gh,AM,8:38,48,under,close,1,5
2/2/2024,gh,AM,8:39,19,under,medium,1,5
2/2/2024,gh,AM,8:39,80,under,medium,1,5
2/2/2024,gh,AM,8:40,45,under,far,1,5
2/2/2024,gh,AM,8:41,80,under,close,1,5
2/2/2024,gh,AM,8:41,4,under,close,2,5
2/2/2024,gh,AM,8:43,87,under,far,1,5
2/2/2024,gh,AM,8:45,80,under,close,1,5
2/2/2024,gh,AM,8:49,4,under,close,3,5
2/2/2024,gh,AM,8:50,45,under,medium,1,5
2/2/2024,gh,AM,8:53,45,under,medium,1,5
2/2/2024,gh,AM,8:54,56,wall,close,1,5
2/2/2024,gh,AM,8:54,54,under,far,1,5
2/2/2024,gh,AM,8:56,56,under,medium,1,5
2/2/2024,gh,AM,8:56,87,under,close,1,5
2/2/2024,gh,AM,8:57,19,under,close,1,5
2/2/2024,gh,AM,9:01,100,under,medium,1,5
2/2/2024,gh,AM,9:01,80,under,medium,1,5
2/2/2024,gh,AM,9:01,4,under,close,1,5
2/2/2024,gh,AM,9:01,19,under,close,1,5
2/2/2024,gh,AM,9:01,77,under,far,1,5
2/2/2024,gh,AM,9:02,56,under,close,1,5
2/2/2024,gh,AM,9:02,33,under,close,1,5
2/2/2024,gh,AM,9:04,54,under,close,7,5
2/2/2024,gh,AM,9:05,4,under,close,1,5
2/2/2024,gh,AM,9:07,54,under,medium,1,5
2/2/2024,gh,AM,9:09,9,under,far,1,5
2/2/2024,gh,AM,9:12,9,wall,close,1,5
2/2/2024,gh,AM,9:13,33,under,close,1,5
2/2/2024,gh,AM,9:15,66,under,close,2,5
2/2/2024,gh,AM,9:17,19,under,close,1,5
2/2/2024,gh,AM,9:26,77,under,close,2,5
2/2/2024,gh,AM,9:26,33,under,medium,1,5
2/2/2024,gh,AM,9:27,76,under,medium,1,5
2/2/2024,gh,AM,9:27,45,under,close,1,5
2/2/2024,gh,AM,9:28,45,under,close,1,5
2/2/2024,gh,AM,9:29,45,under,medium,1,5
2/2/2024,gh,AM,9:31,45,under,close,2,5
2/2/2024,gh,AM,9:33,74,under,medium,2,5
2/2/2024,gh,AM,9:33,70,under,medium,1,5
2/2/2024,gh,AM,9:33,45,under,medium,4,5
2/2/2024,gh,AM,9:35,45,under,medium,5,5
2/2/2024,gh,AM,9:35,74,under,close,1,5
2/2/2024,gh,AM,9:38,87,under,close,1,5
2/2/2024,gh,AM,9:38,54,under,close,1,5
2/2/2024,gh,AM,9:39,45,under,close,2,5
2/2/2024,gh,AM,9:40,54,under,close,6,5
2/2/2024,gh,AM,9:41,45,under,close,2,5
2/2/2024,gh,AM,9:41,87,under,close,2,5
2/2/2024,gh,AM,9:43,45,under,close,5,5
2/2/2024,gh,AM,9:44,54,under,close,4,5
2/2/2024,gh,AM,9:45,72,under,far,1,5
2/2/2024,gh,AM,9:46,54,under,close,4,5
2/2/2024,gh,AM,9:46,45,under,close,4,5
2/2/2024,gh,AM,9:46,33,under,close,1,5
2/2/2024,gh,AM,9:48,45,under,close,1,5
2/2/2024,gh,AM,9:48,19,under,close,1,5
2/2/2024,gh,AM,9:48,54,under,close,3,5
2/2/2024,gh,AM,9:49,77,under,medium,1,5
2/2/2024,gh,AM,9:49,45,under,close,1,5
2/2/2024,gh,AM,9:50,87,under,close,1,5
2/2/2024,gh,AM,9:50,54,under,close,9,5
2/2/2024,gh,AM,9:50,45,under,close,3,5
2/2/2024,gh,AM,9:51,56,under,close,3,5
2/2/2024,gh,AM,9:52,45,under,medium,2,5
2/2/2024,gh,AM,9:54,54,under,far,3,5
2/2/2024,gh,AM,9:54,56,under,medium,1,5
2/2/2024,gh,AM,9:54,45,under,medium,1,5
2/2/2024,gh,AM,9:56,72,under,close,2,5
2/2/2024,gh,AM,9:56,54,under,close,5,5
2/2/2024,gh,AM,9:56,4,under,close,1,5
2/2/2024,gh,AM,9:56,33,under,medium,1,5
2/2/2024,gh,AM,9:56,45,under,close,3,5
2/2/2024,gh,AM,9:58,33,under,close,1,5
2/2/2024,gh,AM,9:58,4,under,close,1,5
2/2/2024,gh,AM,9:59,54,under,close,2,5
2/2/2024,gh,AM,10:01,70,under,close,1,5
2/2/2024,gh,AM,10:01,9,under,close,1,5
2/2/2024,gh,AM,10:02,4,under,close,2,5
2/2/2024,gh,AM,10:02,74,under,medium,1,5
2/2/2024,gh,AM,10:03,74,under,medium,1,5
2/2/2024,gh,AM,10:04,54,under,close,1,5
2/2/2024,gh,AM,10:06,100,under,far,1,5
2/2/2024,gh,AM,10:07,4,under,close,1,5
2/2/2024,gh,AM,10:08,100,under,far,1,5
2/2/2024,gh,AM,10:09,48,wall,close,1,5
2/2/2024,gh,AM,10:11,48,wall,close,1,5
2/2/2024,gh,AM,10:11,4,wall,close,1,5
2/2/2024,gh,AM,10:13,48,under,close,1,5
2/2/2024,gh,AM,10:14,70,under,close,1,5
2/2/2024,gh,AM,10:20,4,under,close,7,5
2/2/2024,gh,AM,10:20,72,under,close,3,5
2/2/2024,gh,AM,10:22,19,under,close,2,5
2/2/2024,gh,AM,10:22,76,under,medium,1,5
2/2/2024,gh,AM,10:22,72,under,medium,1,5
2/2/2024,gh,PM,3:17,4,under,close,1,6
2/2/2024,gh,PM,3:17,76,under,medium,1,6
2/2/2024,gh,PM,3:19,72,under,close,1,6
2/2/2024,gh,PM,3:21,87,under,medium,1,6
2/2/2024,gh,PM,3:23,76,wall,close,1,6
2/2/2024,gh,PM,3:24,87,under,medium,1,6
2/2/2024,gh,PM,3:25,87,under,medium,2,6
2/2/2024,gh,PM,3:27,9,under,close,1,6
2/2/2024,gh,PM,3:28,76,direct,close,1,6
2/2/2024,gh,PM,3:31,66,under,close,1,6
2/2/2024,gh,PM,3:31,76,under,close,3,6
2/2/2024,gh,PM,3:34,4,under,close,8,6
2/2/2024,gh,PM,3:35,45,under,close,7,6
2/2/2024,gh,PM,3:35,76,under,close,3,6
2/2/2024,gh,PM,3:35,70,under,medium,1,6
2/2/2024,gh,PM,3:36,74,under,medium,2,6
2/2/2024,gh,PM,3:37,74,under,close,1,6
2/2/2024,gh,PM,3:37,76,under,close,1,6
2/2/2024,gh,PM,3:40,4,under,close,2,6
2/2/2024,gh,PM,3:41,9,under,close,4,6
2/2/2024,gh,PM,3:43,4,under,close,1,6
2/2/2024,gh,PM,3:45,9,under,medium,2,6
2/2/2024,gh,PM,3:46,74,under,close,1,6
2/2/2024,gh,PM,3:46,76,under,medium,1,6
2/2/2024,gh,PM,3:47,4,under,close,1,6
2/2/2024,gh,PM,3:48,4,under,close,1,6
2/2/2024,gh,PM,3:49,74,under,medium,1,6
2/2/2024,gh,PM,3:51,54,under,medium,1,6
2/2/2024,gh,PM,3:53,66,under,medium,2,6
2/2/2024,gh,PM,3:55,66,under,medium,2,6
2/2/2024,gh,PM,3:56,74,under,medium,1,6
2/2/2024,gh,PM,3:59,100,under,close,1,6
2/2/2024,gh,PM,4:09,66,under,close,1,6
2/2/2024,gh,PM,4:11,56,under,close,1,6
2/2/2024,gh,PM,4:14,50,under,close,1,6
2/2/2024,gh,PM,4:18,56,under,medium,1,6
2/2/2024,gh,PM,4:20,66,under,close,1,6
2/2/2024,gh,PM,4:26,74,direct,close,1,6
2/2/2024,gh,PM,4:28,66,under,close,1,6
2/2/2024,gh,PM,4:33,74,under,medium,1,6
2/2/2024,gh,PM,4:36,70,under,medium,1,6
2/2/2024,gh,PM,4:37,74,under,medium,1,6
2/2/2024,gh,PM,4:39,50,under,medium,1,6
2/2/2024,gh,PM,4:40,76,under,close,1,6
2/2/2024,gh,PM,4:40,9,under,far,3,6
2/2/2024,gh,PM,4:42,70,under,close,1,6
2/2/2024,gh,PM,4:42,48,under,far,1,6
2/2/2024,gh,PM,4:43,72,under,close,1,6
2/2/2024,gh,PM,4:44,74,under,close,1,6
2/2/2024,gh,PM,4:46,45,under,close,1,6
2/2/2024,gh,PM,4:46,72,under,close,1,6
2/2/2024,gh,PM,4:46,70,under,close,1,6
2/2/2024,gh,PM,4:46,74,under,close,1,6
2/2/2024,gh,PM,4:47,76,under,medium,1,6
2/2/2024,gh,PM,4:48,19,under,close,1,6
2/2/2024,gh,PM,4:49,76,under,far,1,6
2/2/2024,gh,PM,4:51,70,under,close,2,6
2/2/2024,gh,PM,4:53,48,under,close,2,6
2/2/2024,gh,PM,5:54,19,under,close,1,6
2/2/2024,gh,PM,4:54,48,under,close,1,6
2/2/2024,gh,PM,4:56,76,under,medium,1,6
2/2/2024,gh,PM,4:58,45,under,close,1,6
2/2/2024,gh,PM,4:58,48,under,close,1,6
2/2/2024,gh,PM,5:00,76,under,close,1,6
2/2/2024,gh,PM,5:05,76,under,close,1,6
2/5/2024,gh,PM,3:35,50,under,medium,1,7
2/5/2024,gh,PM,3:38,100,under,medium,1,7
2/5/2024,gh,PM,3:54,77,under,close,1,7
2/5/2024,gh,PM,3:56,45,under,close,1,7
2/5/2024,gh,PM,4:04,45,under,close,1,7
2/5/2024,gh,PM,4:04,56,under,close,1,7
2/5/2024,gh,PM,4:06,66,under,far,1,7
2/5/2024,gh,PM,4:07,45,under,close,1,7
2/5/2024,gh,PM,4:08,48,under,far,1,7
2/5/2024,gh,PM,4:12,87,under,medium,1,7
2/5/2024,gh,PM,4:13,100,under,close,1,7
2/5/2024,gh,PM,4:13,56,under,close,1,7
2/5/2024,gh,PM,4:17,76,under,close,1,7
2/5/2024,gh,PM,4:19,105,under,close,1,7
2/5/2024,gh,PM,4:23,105,under,close,1,7
2/5/2024,gh,PM,4:29,45,wall,close,1,7
2/5/2024,gh,PM,4:32,45,under,medium,1,7
2/5/2024,gh,PM,4:33,87,under,medium,1,7
2/5/2024,gh,PM,4:34,45,under,medium,1,7
2/5/2024,gh,PM,4:37,87,under,close,1,7
2/5/2024,gh,PM,4:44,45,under,close,1,7
2/5/2024,gh,PM,4:47,45,under,close,1,7
2/5/2024,gh,PM,4:51,50,under,close,1,7
2/5/2024,gh,PM,4:52,50,under,far,1,7
2/6/2024,gh,AM,9:04,33,under,medium,1,8
2/6/2024,gh,AM,9:05,66,under,far,1,8
2/6/2024,gh,AM,9:07,54,under,far,1,8
2/6/2024,gh,AM,9:08,87,under,close,1,8
2/6/2024,gh,AM,9:09,76,under,medium,1,8
2/6/2024,gh,AM,9:09,54,under,far,1,8
2/6/2024,gh,AM,9:10,74,under,close,2,8
2/6/2024,gh,AM,9:10,72,under,far,1,8
2/6/2024,gh,AM,9:12,66,under,close,1,8
2/6/2024,gh,AM,9:14,87,under,close,1,8
2/6/2024,gh,AM,9:16,4,under,medium,1,8
2/6/2024,gh,AM,9:17,70,direct,far,1,8
2/6/2024,gh,AM,9:23,33,wall,close,1,8
2/6/2024,gh,AM,9:24,4,under,close,1,8
2/6/2024,gh,AM,9:29,9,under,close,2,8
2/6/2024,gh,AM,9:29,72,under,far,1,8
2/6/2024,gh,AM,9:30,74,under,far,1,8
2/6/2024,gh,AM,9:36,33,under,close,1,8
2/6/2024,gh,AM,9:41,9,under,medium,1,8
2/6/2024,gh,AM,9:47,72,under,close,1,8
2/6/2024,gh,AM,9:48,9,under,far,1,8
2/6/2024,gh,AM,9:48,4,under,close,3,8
2/6/2024,gh,AM,9:48,87,under,close,1,8
2/6/2024,gh,AM,9:50,9,under,close,2,8
2/6/2024,gh,AM,9:50,4,under,close,1,8
2/6/2024,gh,AM,9:59,87,under,far,1,8
2/6/2024,gh,AM,10:00,66,under,far,1,8
2/6/2024,gh,AM,10:01,100,under,close,1,8
2/6/2024,gh,AM,10:02,4,under,close,1,8
2/6/2024,gh,AM,10:05,45,under,medium,1,8
2/6/2024,gh,AM,10:07,9,under,close,1,8
2/6/2024,gh,AM,10:07,87,under,far,1,8
2/6/2024,gh,AM,10:08,4,under,close,1,8
2/6/2024,gh,AM,10:09,9,under,far,1,8
2/6/2024,gh,AM,10:10,87,under,close,1,8
2/6/2024,gh,AM,10:11,74,under,close,1,8
2/6/2024,gh,AM,10:12,56,under,close,1,8
2/6/2024,gh,AM,10:17,76,under,medium,1,8
2/6/2024,gh,AM,10:18,70,under,close,1,8
2/6/2024,gh,AM,10:18,74,under,close,1,8
2/6/2024,gh,AM,10:20,48,under,far,1,8
2/6/2024,gh,AM,10:20,56,under,close,1,8
2/6/2024,gh,AM,10:23,48,under,close,3,8
2/6/2024,gh,AM,10:23,56,under,far,1,8
2/6/2024,gh,AM,10:27,56,under,close,5,8
2/6/2024,gh,AM,10:28,45,under,medium,1,8
2/6/2024,gh,AM,10:32,33,under,close,2,8
2/6/2024,gh,AM,10:50,4,under,far,1,8
2/6/2024,gh,AM,10:50,33,under,close,1,8
2/6/2024,gh,AM,10:52,33,under,close,1,8
2/6/2024,gh,AM,10:52,66,under,close,1,8
2/6/2024,gh,AM,10:53,4,under,close,1,8
2/6/2024,gh,AM,10:53,80,under,close,1,8
2/6/2024,gh,PM,2:45,66,under,close,2,9
2/6/2024,gh,PM,2:55,4,under,close,1,9
2/6/2024,gh,PM,2:55,33,under,medium,1,9
2/6/2024,gh,PM,2:58,74,under,close,1,9
2/6/2024,gh,PM,2:58,33,under,close,1,9
2/6/2024,gh,PM,3:02,4,wall,close,1,9
2/6/2024,gh,PM,3:08,76,under,close,1,9
2/6/2024,gh,PM,3:09,80,under,close,1,9
2/6/2024,gh,PM,3:11,80,under,close,2,9
2/6/2024,gh,PM,3:11,105,under,close,1,9
2/6/2024,gh,PM,3:11,76,under,close,2,9
2/6/2024,gh,PM,3:14,4,under,close,1,9
2/6/2024,gh,PM,3:16,76,under,close,1,9
2/6/2024,gh,PM,3:18,45,under,far,1,9
2/6/2024,gh,PM,3:18,48,under,far,1,9
2/6/2024,gh,PM,3:21,56,under,close,1,9
2/6/2024,gh,PM,3:35,100,under,close,1,9
2/6/2024,gh,PM,3:39,33,under,close,1,9
2/6/2024,gh,PM,3:40,19,under,close,1,9
2/6/2024,gh,PM,3:45,74,under,close,1,9
2/6/2024,gh,PM,3:45,56,under,close,1,9
2/6/2024,gh,PM,3:46,33,under,far,1,9
2/6/2024,gh,PM,3:48,33,under,close,1,9
2/6/2024,gh,PM,3:50,56,under,close,1,9
2/6/2024,gh,PM,3:50,33,under,close,1,9
2/6/2024,gh,PM,3:59,74,under,close,1,9
2/6/2024,gh,PM,3:59,4,under,close,1,9
2/6/2024,gh,PM,4:01,74,under,medium,1,9
2/6/2024,gh,PM,4:02,45,under,close,1,9
2/6/2024,gh,PM,4:03,19,under,close,1,9
2/6/2024,gh,PM,4:05,74,under,close,1,9
2/6/2024,gh,PM,4:05,45,under,close,1,9
2/6/2024,gh,PM,4:09,45,under,close,2,9
2/6/2024,gh,PM,4:09,19,under,close,1,9
2/6/2024,gh,PM,4:10,74,under,close,1,9
2/6/2024,gh,PM,4:14,76,under,far,1,9
2/6/2024,gh,PM,4:19,19,under,close,1,9
2/6/2024,gh,PM,4:25,19,under,close,1,9
2/6/2024,gh,PM,4:27,50,under,close,1,9
2/6/2024,gh,PM,4:39,66,wall,close,1,9
2/6/2024,gh,PM,4:40,45,under,close,1,9
2/6/2024,gh,PM,4:43,76,under,far,1,9
2/6/2024,gh,PM,4:47,70,under,medium,1,9
2/6/2024,gh,PM,4:52,33,under,far,1,9
2/6/2024,gh,PM,5:03,70,under,medium,1,9
2/6/2024,gh,PM,5:07,70,under,medium,1,9
2/6/2024,gh,PM,5:10,56,wall,close,1,9
2/6/2024,gh,PM,5:14,54,under,far,1,9
2/6/2024,gh,PM,5:14,74,under,medium,1,9
2/6/2024,gh,PM,5:19,70,under,far,1,9
2/6/2024,gh,PM,5:25,56,under,close,1,9
2/6/2024,gh,PM,5:32,19,under,medium,1,9
2/13/2024,gh,PM,3:26,33,under,close,1,10
2/13/2024,gh,PM,3:26,9,under,close,1,10
2/13/2024,gh,PM,3:29,33,under,close,1,10
2/13/2024,gh,PM,3:30,33,under,medium,4,10
2/13/2024,gh,PM,3:30,9,under,close,1,10
2/13/2024,gh,PM,3:31,33,under,far,1,10
2/13/2024,gh,PM,3:33,33,under,close,1,10
2/13/2024,gh,PM,3:33,4,under,close,1,10
2/13/2024,gh,PM,3:35,33,under,close,1,10
2/13/2024,gh,PM,3:36,33,under,close,2,10
2/13/2024,gh,PM,3:36,74,under,close,1,10
2/13/2024,gh,PM,3:39,74,under,close,1,10
2/13/2024,gh,PM,3:39,33,under,close,3,10
2/13/2024,gh,PM,3:41,33,under,close,6,10
2/13/2024,gh,PM,3:42,9,under,close,1,10
2/13/2024,gh,PM,3:45,9,under,close,1,10
2/13/2024,gh,PM,3:47,33,under,close,1,10
2/13/2024,gh,PM,3:49,76,under,close,1,10
2/13/2024,gh,PM,3:52,33,under,close,1,10
2/13/2024,gh,PM,3:52,9,under,medium,2,10
2/13/2024,gh,PM,3:55,9,under,close,1,10
2/13/2024,gh,PM,3:56,33,under,medium,1,10
2/13/2024,gh,PM,3:57,9,under,medium,1,10
2/13/2024,gh,PM,3:58,80,under,close,1,10
2/13/2024,gh,PM,4:00,9,under,medium,1,10
2/13/2024,gh,PM,4:01,80,under,far,1,10
2/13/2024,gh,PM,4:02,9,under,far,2,10
2/13/2024,gh,PM,4:06,80,under,far,1,10
2/13/2024,gh,PM,4:08,80,under,close,1,10
2/13/2024,gh,PM,4:09,80,under,close,1,10
2/13/2024,gh,PM,4:11,56,under,close,1,10
2/13/2024,gh,PM,4:16,9,under,medium,1,10
2/13/2024,gh,PM,4:21,74,under,far,1,10
2/13/2024,gh,PM,4:28,80,under,far,1,10
2/13/2024,gh,PM,4:32,70,under,medium,1,10
2/13/2024,gh,PM,4:38,76,direct,close,1,10
2/13/2024,gh,PM,4:38,74,under,close,1,10
2/13/2024,gh,PM,4:42,9,under,medium,1,10
2/13/2024,gh,PM,4:56,45,under,far,1,10
2/16/2024,ca,AM,9:55,56,wall,close,1,11
2/16/2024,ca,AM,9:57,45,under,medium,1,11
2/16/2024,ca,AM,9:57,54,under,close,1,11
2/16/2024,ca,AM,9:58,54,under,close,1,11
2/16/2024,ca,AM,9:58,4,under,medium,1,11
2/16/2024,ca,AM,9:59,76,under,medium,1,11
2/16/2024,ca,AM,10:02,56,under,close,1,11
2/16/2024,ca,AM,10:07,54,under,medium,1,11
2/16/2024,ca,AM,10:07,56,wall,close,1,11
2/16/2024,ca,AM,10:07,77,under,close,1,11
2/16/2024,ca,AM,10:07,45,under,close,1,11
2/16/2024,ca,AM,10:13,56,under,medium,1,11
2/16/2024,ca,AM,10:13,48,under,medium,1,11
2/16/2024,ca,AM,10:13,48,under,far,1,11
2/16/2024,ca,AM,10:16,9,under,close,1,11
2/16/2024,ca,AM,10:16,48,wall,close,1,11
2/16/2024,ca,AM,10:20,33,under,close,1,11
2/16/2024,ca,AM,10:21,54,under,medium,1,11
2/16/2024,ca,AM,10:23,54,under,close,2,11
2/16/2024,ca,AM,10:23,45,wall,close,1,11
2/16/2024,ca,AM,10:25,77,wall,close,1,11
2/16/2024,ca,AM,10:31,70,under,close,1,11
2/16/2024,ca,AM,10:32,4,wall,close,2,11
2/16/2024,ca,AM,10:35,9,under,far,1,11
2/16/2024,ca,AM,10:37,9,under,close,1,11
2/16/2024,ca,AM,10:38,50,under,medium,1,11
2/16/2024,ca,AM,10:39,80,under,medium,1,11
2/16/2024,ca,AM,10:39,77,under,close,1,11
2/16/2024,ca,AM,10:45,100,wall,close,1,11
2/16/2024,ca,AM,10:46,87,under,medium,1,11
2/16/2024,ca,AM,10:47,66,direct,medium,1,11
2/16/2024,ca,AM,10:48,77,wall,close,1,11
2/16/2024,ca,AM,10:49,54,under,medium,1,11
2/16/2024,ca,AM,10:49,66,under,close,1,11
2/16/2024,ca,AM,10:50,66,under,medium,1,11
2/16/2024,ca,AM,10:50,66,under,close,1,11
2/16/2024,ca,AM,10:54,45,under,close,1,11
2/16/2024,ca,AM,10:54,87,under,close,1,11
2/16/2024,ca,AM,10:56,100,under,close,1,11
2/16/2024,ca,AM,11:03,77,wall,close,2,11
2/16/2024,ca,AM,11:06,50,wall,close,1,11
2/16/2024,ca,AM,11:06,56,under,close,1,11
2/16/2024,ca,AM,11:06,77,wall,close,2,11
2/16/2024,ca,AM,11:07,45,under,close,1,11
2/16/2024,ca,AM,11:07,76,wall,close,1,11
2/16/2024,ca,AM,11:07,4,wall,close,1,11
2/16/2024,ca,AM,11:07,77,under,close,1,11
2/16/2024,ca,AM,11:10,77,wall,close,3,11
2/16/2024,ca,AM,11:14,33,under,far,1,11
2/16/2024,ca,AM,11:14,80,wall,close,1,11
2/16/2024,ca,AM,11:14,77,wall,close,1,11
2/16/2024,ca,AM,11:14,45,under,close,1,11
2/16/2024,ca,AM,11:14,76,under,close,1,11
2/16/2024,ca,AM,11:15,33,direct,close,1,11
2/16/2024,ca,AM,11:16,77,wall,close,2,11
2/16/2024,ca,AM,11:16,77,under,close,4,11
2/16/2024,ca,AM,11:16,80,under,close,2,11
2/16/2024,ca,AM,11:18,33,under,close,1,11
2/16/2024,ca,AM,11:19,45,wall,close,1,11
2/16/2024,ca,AM,11:20,80,under,close,3,11
2/16/2024,ca,AM,11:20,33,under,close,3,11
2/16/2024,ca,AM,11:20,77,under,medium,1,11
2/16/2024,ca,AM,11:21,80,wall,close,1,11
2/16/2024,ca,AM,11:21,77,wall,close,1,11
2/16/2024,ca,AM,11:22,33,wall,close,1,11
2/16/2024,ca,AM,11:22,105,under,medium,1,11
2/16/2024,ca,AM,11:22,77,under,close,1,11
2/16/2024,ca,AM,11:22,33,under,medium,1,11
2/16/2024,ca,AM,11:23,80,wall,close,1,11
2/16/2024,ca,AM,11:23,76,wall,close,1,11
2/16/2024,ca,AM,11:23,4,wall,close,1,11
2/16/2024,ca,AM,11:23,45,wall,close,1,11
2/16/2024,ca,AM,11:23,77,under,close,2,11
2/16/2024,ca,AM,11:23,80,under,close,2,11
2/16/2024,ca,AM,11:23,4,under,close,1,11
2/16/2024,ca,AM,11:24,33,under,close,1,11
2/16/2024,ca,AM,11:24,33,under,far,1,11
2/16/2024,ca,AM,11:24,80,under,far,1,11
2/16/2024,ca,AM,11:25,77,under,medium,2,11
2/16/2024,ca,AM,11:25,33,under,close,1,11
2/16/2024,ca,AM,11:25,9,under,close,1,11
2/16/2024,ca,AM,11:25,76,under,close,1,11
2/16/2024,ca,AM,11:26,77,under,medium,1,11
2/16/2024,ca,AM,11:27,80,under,far,1,11
2/16/2024,ca,AM,11:28,77,wall,close,1,11
2/16/2024,ca,AM,11:29,33,under,close,4,11
2/16/2024,ca,AM,11:29,80,under,close,1,11
2/16/2024,ca,AM,11:30,80,under,close,2,11
2/16/2024,ca,AM,11:30,45,wall,close,1,11
2/16/2024,ca,AM,11:30,33,under,close,5,11
2/16/2024,ca,AM,11:30,33,under,far,4,11
2/16/2024,ca,AM,11:32,77,under,medium,1,11
2/16/2024,ca,AM,11:33,80,under,far,2,11
2/16/2024,ca,AM,11:34,77,wall,close,1,11
2/16/2024,ca,AM,11:35,33,under,far,5,11
2/16/2024,ca,AM,11:35,80,direct,far,3,11
2/16/2024,ca,AM,11:35,77,wall,close,1,11
2/16/2024,ca,AM,11:36,77,under,far,1,11
2/16/2024,ca,AM,11:39,33,under,close,1,11
2/16/2024,ca,AM,11:41,77,under,close,1,11
2/16/2024,ca,AM,11:41,33,under,medium,1,11
2/16/2024,ca,AM,11:41,33,under,close,1,11
2/16/2024,ca,AM,11:41,33,under,far,2,11
2/16/2024,ca,AM,11:41,33,under,medium,4,11
2/16/2024,ca,AM,11:41,74,under,medium,1,11
2/16/2024,ca,AM,11:43,80,under,far,1,11
2/16/2024,ca,AM,11:45,80,wall,close,2,11
2/16/2024,ca,AM,11:45,33,under,close,9,11
2/16/2024,ca,AM,11:47,33,under,medium,1,11
2/16/2024,ca,AM,11:47,33,under,close,3,11
2/16/2024,ca,AM,11:49,72,wall,close,1,11
2/16/2024,ca,AM,11:50,45,under,far,1,11
2/16/2024,ca,AM,11:50,9,under,close,4,11
2/16/2024,ca,AM,11:51,33,under,close,3,11
2/16/2024,ca,AM,11:53,9,under,close,1,11
2/16/2024,ca,AM,11:53,33,under,close,3,11
2/16/2024,ca,AM,11:54,33,wall,close,2,11
2/16/2024,ca,AM,11:54,9,wall,close,1,11
2/16/2024,ca,AM,11:54,33,under,close,2,11
2/16/2024,ca,AM,11:54,9,under,close,3,11
2/16/2024,ca,AM,11:56,33,under,medium,1,11
2/16/2024,ca,AM,11:58,9,under,close,1,11
2/16/2024,ca,AM,11:58,45,wall,close,1,11
2/23/2024,ca,AM,10:15,56,under,close,1,12
2/23/2024,ca,AM,10:24,56,wall,close,1,12
2/23/2024,ca,AM,10:29,80,wall,close,1,12
2/23/2024,ca,AM,10:32,76,under,close,1,12
2/23/2024,ca,AM,10:35,77,under,medium,1,12
2/23/2024,ca,AM,10:39,76,under,close,1,12
2/23/2024,ca,AM,10:42,33,under,medium,1,12
2/23/2024,ca,AM,10:43,76,under,close,1,12
2/23/2024,ca,AM,10:48,33,under,close,2,12
2/23/2024,ca,AM,11:00,72,under,far,1,12
2/23/2024,ca,AM,11:02,45,under,medium,1,12
2/23/2024,ca,AM,11:02,100,under,medium,1,12
2/23/2024,ca,AM,11:12,45,under,medium,1,12
2/23/2024,ca,AM,11:14,56,under,close,1,12
2/23/2024,ca,AM,11:14,56,under,far,2,12
2/23/2024,ca,AM,11:23,33,under,close,1,12
2/23/2024,ca,AM,11:24,33,under,close,1,12
2/23/2024,ca,AM,11:28,33,wall,close,1,12
2/23/2024,ca,AM,11:28,33,under,close,5,12
2/23/2024,ca,AM,11:32,77,under,medium,1,12
2/23/2024,ca,AM,11:35,50,under,far,2,12
2/23/2024,ca,AM,11:43,70,wall,close,1,12
3/1/2024,ca,AM,8:03,77,under,close,2,13
3/1/2024,ca,AM,8:04,72,under,close,1,13
3/1/2024,ca,AM,8:04,33,under,close,1,13
3/1/2024,ca,AM,8:04,77,direct,close,1,13
3/1/2024,ca,AM,8:04,72,wall,close,2,13
3/1/2024,ca,AM,8:05,105,under,close,1,13
3/1/2024,ca,AM,8:06,77,under,close,1,13
3/1/2024,ca,AM,8:06,77,direct,close,1,13
3/1/2024,ca,AM,8:06,70,direct,far,1,13
3/1/2024,ca,AM,8:06,105,direct,far,1,13
3/1/2024,ca,AM,8:07,9,wall,close,1,13
3/1/2024,ca,AM,8:07,78,under,close,1,13
3/1/2024,ca,AM,8:07,74,under,close,2,13
3/1/2024,ca,AM,8:07,76,under,medium,1,13
3/1/2024,ca,AM,8:08,105,wall,close,1,13
3/1/2024,ca,AM,8:09,72,under,far,1,13
3/1/2024,ca,AM,8:09,77,under,far,1,13
3/1/2024,ca,AM,8:09,45,under,medium,1,13
3/1/2024,ca,AM,8:09,105,under,far,1,13
3/1/2024,ca,AM,8:09,105,under,close,1,13
3/1/2024,ca,AM,8:09,77,under,far,1,13
3/1/2024,ca,AM,8:09,48,under,medium,1,13
3/1/2024,ca,AM,8:09,70,under,medium,1,13
3/1/2024,ca,AM,8:09,66,under,far,2,13
3/1/2024,ca,AM,8:09,56,under,far,1,13
3/1/2024,ca,AM,8:09,66,under,medium,1,13
3/1/2024,ca,AM,8:09,9,under,close,1,13
3/1/2024,ca,AM,8:10,100,direct,medium,2,13
3/1/2024,ca,AM,8:10,77,under,medium,1,13
3/1/2024,ca,AM,8:10,70,under,far,1,13
3/1/2024,ca,AM,8:10,66,under,close,1,13
3/1/2024,ca,AM,8:10,33,under,far,1,13
3/1/2024,ca,AM,8:12,4,wall,close,1,13
3/1/2024,ca,AM,8:12,4,under,close,1,13
3/1/2024,ca,AM,8:13,45,under,medium,1,13
3/1/2024,ca,AM,8:13,33,under,close,1,13
3/1/2024,ca,AM,8:13,66,under,close,1,13
3/1/2024,ca,AM,8:13,48,under,close,1,13
3/1/2024,ca,AM,8:13,56,under,close,1,13
3/1/2024,ca,AM,8:13,56,under,far,2,13
3/1/2024,ca,AM,8:13,105,under,close,1,13
3/1/2024,ca,AM,8:15,105,under,close,2,13
3/1/2024,ca,AM,8:15,4,wall,close,1,13
3/1/2024,ca,AM,8:15,76,wall,close,1,13
3/1/2024,ca,AM,8:16,105,wall,close,1,13
3/1/2024,ca,AM,8:19,105,under,close,3,13
3/1/2024,ca,AM,8:21,76,under,close,1,13
3/1/2024,ca,AM,8:26,70,under,close,1,13
3/1/2024,ca,AM,8:32,50,under,medium,1,13
3/1/2024,ca,AM,8:39,50,under,medium,1,13
3/1/2024,ca,AM,8:40,9,under,far,1,13
3/1/2024,ca,AM,8:41,4,wall,close,2,13
3/1/2024,ca,AM,8:44,76,under,close,1,13
3/1/2024,ca,AM,8:44,76,wall,close,1,13
3/1/2024,ca,AM,8:44,33,under,close,3,13
3/1/2024,ca,AM,8:44,4,under,far,1,13
3/1/2024,ca,AM,8:44,4,under,close,1,13
3/1/2024,ca,AM,8:45,45,wall,close,1,13
3/1/2024,ca,AM,8:46,74,under,close,1,13
3/1/2024,ca,AM,8:53,33,under,far,1,13
3/1/2024,ca,AM,8:56,66,under,close,1,13
3/1/2024,ca,AM,8:58,74,under,close,1,13
3/1/2024,ca,AM,8:58,66,under,close,1,13
3/1/2024,ca,AM,9:02,74,under,close,4,13
3/1/2024,ca,AM,9:07,76,under,close,2,13
3/1/2024,ca,AM,9:10,9,wall,close,1,13
3/1/2024,ca,AM,9:10,74,wall,close,1,13
3/1/2024,ca,AM,9:10,76,under,medium,1,13
3/1/2024,ca,AM,9:11,9,under,medium,1,13
3/1/2024,ca,AM,9:13,76,under,close,4,13
3/1/2024,ca,AM,9:14,74,under,close,1,13
3/1/2024,ca,AM,9:16,74,wall,close,1,13
3/1/2024,ca,AM,9:17,76,under,close,1,13
3/1/2024,ca,AM,9:17,74,under,close,1,13
3/1/2024,ca,AM,9:18,87,under,far,1,13
3/1/2024,ca,AM,9:18,33,under,medium,1,13
3/1/2024,ca,AM,9:20,105,under,medium,1,13
3/1/2024,ca,AM,9:20,77,under,close,1,13
3/1/2024,ca,AM,9:22,4,under,medium,1,13
3/1/2024,ca,AM,9:23,105,under,close,1,13
3/1/2024,ca,AM,9:29,77,wall,close,1,13
3/1/2024,ca,AM,9:32,72,under,close,1,13
3/1/2024,ca,AM,9:32,45,under,close,1,13
3/1/2024,ca,AM,9:33,87,under,close,1,13
3/1/2024,ca,AM,9:34,77,wall,close,1,13
3/1/2024,ca,AM,9:36,77,wall,close,7,13
3/1/2024,ca,AM,9:39,50,under,medium,1,13
3/1/2024,ca,AM,9:41,77,under,close,3,13
3/1/2024,ca,AM,9:42,56,wall,close,2,13
3/1/2024,ca,AM,9:45,50,under,close,1,13
3/1/2024,ca,AM,9:45,76,under,close,1,13
3/1/2024,ca,AM,9:45,66,under,medium,1,13
3/1/2024,ca,AM,9:49,105,wall,close,1,13
3/1/2024,ca,AM,9:49,72,wall,close,1,13
3/1/2024,ca,AM,9:52,100,wall,close,1,13
3/1/2024,ca,AM,9:54,33,under,close,1,13
3/1/2024,ca,AM,9:56,33,under,medium,1,13
3/1/2024,ca,AM,10:22,33,under,medium,1,14
3/1/2024,ca,AM,10:26,50,under,close,1,14
3/1/2024,ca,AM,10:27,33,under,close,1,14
3/1/2024,ca,AM,10:27,80,under,close,1,14
3/1/2024,ca,AM,10:29,70,under,medium,1,14
3/1/2024,ca,AM,10:36,100,under,close,5,14
3/1/2024,ca,AM,10:39,45,under,medium,2,14
3/1/2024,ca,AM,10:42,100,under,medium,1,14
3/1/2024,ca,AM,10:42,45,under,close,3,14
3/1/2024,ca,AM,10:51,50,under,far,1,14
3/1/2024,ca,AM,10:57,50,under,close,1,14
3/1/2024,ca,AM,10:57,4,wall,close,1,14
3/1/2024,ca,AM,11:06,76,under,medium,1,14
3/1/2024,ca,AM,11:08,4,under,far,1,14
3/1/2024,ca,AM,11:09,50,under,close,1,14
3/1/2024,ca,AM,11:09,70,under,close,1,14
3/1/2024,ca,AM,11:22,33,under,close,1,14
3/1/2024,ca,AM,11:32,74,under,medium,1,14
3/1/2024,ca,AM,11:53,4,under,close,1,14
3/1/2024,ca,AM,11:53,74,under,close,1,14
3/1/2024,ca,AM,11:53,66,wall,close,1,14
3/1/2024,ca,AM,11:53,72,under,close,1,14
3/1/2024,ca,AM,11:55,33,under,far,1,14
3/1/2024,ca,AM,11:56,50,under,medium,1,14
3/1/2024,ca,AM,11:59,33,under,far,1,14
3/1/2024,ca,AM,11:59,72,under,medium,1,14
3/8/2024,ca,PM,2:29,50,under,close,1,15
3/8/2024,ca,PM,2:29,33,wall,close,1,15
3/8/2024,ca,PM,2:32,19,wall,close,2,15
3/8/2024,ca,PM,2:33,9,under,far,1,15
3/8/2024,ca,PM,2:40,19,under,close,1,15
3/8/2024,ca,PM,2:43,80,under,close,1,15
3/8/2024,ca,PM,2:53,80,under,far,1,15
3/8/2024,ca,PM,3:00,54,direct,far,1,15
3/8/2024,ca,PM,3:01,56,wall,close,1,15
3/8/2024,ca,PM,3:02,45,direct,close,1,15
3/8/2024,ca,PM,3:05,19,under,far,1,15
3/8/2024,ca,PM,3:05,56,under,close,1,15
3/8/2024,ca,PM,3:13,74,under,close,1,15
3/8/2024,ca,PM,3:16,45,under,close,1,15
3/8/2024,ca,PM,3:16,45,under,far,1,15
3/8/2024,ca,PM,3:19,56,direct,medium,1,15
3/8/2024,ca,PM,3:19,45,under,medium,2,15
3/8/2024,ca,PM,3:20,56,under,medium,2,15
3/8/2024,ca,PM,3:20,76,under,medium,1,15
3/8/2024,ca,PM,3:20,100,under,close,1,15
3/8/2024,ca,PM,3:25,54,under,close,1,15
3/8/2024,ca,PM,3:25,56,under,close,1,15
3/8/2024,ca,PM,3:26,50,under,close,1,15
3/8/2024,ca,PM,3:29,54,under,medium,1,15
3/8/2024,ca,PM,3:29,80,wall,close,1,15
3/8/2024,ca,PM,3:32,50,under,medium,1,15
3/8/2024,ca,PM,3:35,54,under,medium,1,15
3/8/2024,ca,PM,3:37,54,under,close,1,15
3/8/2024,ca,PM,3:39,50,under,close,1,15
3/8/2024,ca,PM,3:44,9,under,close,3,15
3/8/2024,ca,PM,3:45,50,under,medium,1,15
3/8/2024,ca,PM,3:47,45,under,close,1,15
3/8/2024,ca,PM,3:47,80,under,close,1,15
3/8/2024,ca,PM,3:50,80,under,medium,2,15
3/8/2024,ca,PM,3:50,45,under,close,1,15
3/8/2024,ca,PM,3:54,77,under,close,1,15
3/8/2024,ca,PM,3:56,77,under,medium,2,15
3/8/2024,ca,PM,3:57,100,under,close,1,15
3/8/2024,ca,PM,4:01,77,wall,close,1,15
3/8/2024,ca,PM,4:01,100,wall,close,1,15
3/8/2024,ca,PM,4:01,56,wall,close,1,15
3/8/2024,ca,PM,4:03,56,under,medium,1,15
3/8/2024,ca,PM,4:03,77,under,close,1,15
3/8/2024,ca,PM,4:05,45,under,medium,1,15
3/8/2024,ca,PM,4:05,100,wall,close,1,15
3/8/2024,ca,PM,4:06,54,under,close,1,15
3/8/2024,ca,PM,4:06,105,under,close,1,15
3/8/2024,ca,PM,4:07,74,under,close,1,15
3/8/2024,ca,PM,4:08,77,under,close,1,15
3/8/2024,ca,PM,4:09,100,under,medium,2,15
3/8/2024,ca,PM,4:10,80,wall,close,1,15
3/8/2024,ca,PM,4:11,77,under,close,1,15
3/8/2024,ca,PM,4:11,45,wall,close,2,15
3/8/2024,ca,PM,4:12,100,under,close,1,15
3/8/2024,ca,PM,4:15,100,under,close,1,15
3/8/2024,ca,PM,4:16,100,under,far,1,15
3/8/2024,ca,PM,4:16,4,under,medium,1,15
3/8/2024,ca,PM,4:16,77,direct,far,1,15
3/8/2024,ca,PM,4:18,100,under,close,1,15
3/8/2024,ca,PM,4:23,80,under,medium,1,15
3/8/2024,ca,PM,4:23,100,under,close,1,15
2/27/2024,nr,PM,3:09,54,under,medium,1,16
2/27/2024,nr,PM,3:09,50,wall,close,1,16
2/27/2024,nr,PM,3:11,54,under,medium,1,16
2/27/2024,nr,PM,3:12,4,under,medium,1,16
2/27/2024,nr,PM,3:12,9,under,close,1,16
2/27/2024,nr,PM,3:13,33,wall,close,2,16
2/27/2024,nr,PM,3:14,33,under,far,1,16
2/27/2024,nr,PM,3:18,80,under,close,1,16
2/27/2024,nr,PM,3:22,54,under,close,2,16
2/27/2024,nr,PM,3:24,54,under,close,1,16
2/27/2024,nr,PM,3:27,9,under,close,1,16
2/27/2024,nr,PM,3:30,66,under,far,1,16
2/27/2024,nr,PM,3:35,54,under,medium,1,16
2/27/2024,nr,PM,3:35,56,under,medium,1,16
2/27/2024,nr,PM,3:41,33,wall,close,3,16
2/27/2024,nr,PM,3:44,66,under,medium,1,16
2/27/2024,nr,PM,3:44,84,under,medium,1,16
2/27/2024,nr,PM,3:47,54,under,close,1,16
2/27/2024,nr,PM,3:51,54,under,medium,2,16
2/27/2024,nr,PM,3:53,33,wall,close,3,16
2/27/2024,nr,PM,3:55,33,under,far,1,16
2/27/2024,nr,PM,3:57,77,under,close,1,16
2/27/2024,nr,PM,4:03,84,wall,close,1,16
2/27/2024,nr,PM,4:07,70,wall,close,2,16
2/27/2024,nr,PM,4:11,4,under,medium,1,16
2/27/2024,nr,PM,4:11,9,under,medium,1,16
2/27/2024,nr,PM,4:12,70,wall,close,2,16
2/27/2024,nr,PM,4:22,80,under,close,1,16
2/27/2024,nr,PM,4:28,33,under,medium,2,16
2/27/2024,nr,PM,4:32,19,under,medium,1,16
2/27/2024,nr,PM,4:37,33,under,close,2,16
2/27/2024,nr,PM,4:39,33,under,close,4,16
2/27/2024,nr,PM,4:41,100,under,far,1,16
2/27/2024,nr,PM,4:42,33,under,close,2,16
2/27/2024,nr,PM,4:44,54,under,close,1,16
2/27/2024,nr,PM,4:46,56,under,far,1,16
2/27/2024,nr,PM,4:51,9,under,medium,1,16
2/27/2024,nr,PM,4:59,33,wall,close,2,16
2/27/2024,nr,PM,5:02,33,under,medium,3,16
2/27/2024,nr,PM,5:02,4,under,close,1,16
2/27/2024,nr,PM,5:02,77,under,medium,1,16
2/27/2024,nr,PM,5:04,33,under,close,2,16
2/29/2024,nr,PM,3:02,4,under,close,1,17
2/29/2024,nr,PM,3:02,9,under,close,1,17
2/29/2024,nr,PM,3:05,87,under,close,3,17
2/29/2024,nr,PM,3:07,80,under,medium,2,17
2/29/2024,nr,PM,3:10,70,under,close,1,17
2/29/2024,nr,PM,3:11,80,under,close,1,17
2/29/2024,nr,PM,3:13,4,under,close,1,17
2/29/2024,nr,PM,3:13,100,under,medium,3,17
2/29/2024,nr,PM,3:13,33,under,medium,1,17
2/29/2024,nr,PM,3:15,4,under,close,1,17
2/29/2024,nr,PM,3:15,100,under,medium,1,17
2/29/2024,nr,PM,3:17,87,under,medium,3,17
2/29/2024,nr,PM,3:18,33,wall,close,4,17
2/29/2024,nr,PM,3:20,87,under,close,1,17
2/29/2024,nr,PM,3:22,9,direct,medium,1,17
2/29/2024,nr,PM,3:25,4,direct,far,1,17
2/29/2024,nr,PM,3:31,66,under,close,1,17
2/29/2024,nr,PM,3:36,70,under,close,1,17
2/29/2024,nr,PM,3:36,9,under,medium,1,17
2/29/2024,nr,PM,3:38,4,under,close,1,17
2/29/2024,nr,PM,3:40,33,wall,close,1,17
2/29/2024,nr,PM,3:41,56,under,medium,2,17
2/29/2024,nr,PM,3:43,50,under,medium,1,17
2/29/2024,nr,PM,3:43,33,direct,far,1,17
2/29/2024,nr,PM,3:44,54,under,close,1,17
2/29/2024,nr,PM,3:45,33,under,close,1,17
2/29/2024,nr,PM,3:46,9,under,far,3,17
2/29/2024,nr,PM,3:48,19,under,medium,2,17
2/29/2024,nr,PM,3:48,9,under,medium,1,17
2/29/2024,nr,PM,3:52,4,wall,close,1,17
2/29/2024,nr,PM,3:56,56,under,close,1,17
2/29/2024,nr,PM,4:02,33,under,close,1,17
2/29/2024,nr,PM,4:05,33,wall,close,1,17
2/29/2024,nr,PM,4:07,87,direct,far,1,17
2/29/2024,nr,PM,4:09,33,under,close,1,17
2/29/2024,nr,PM,6:04,33,under,close,1,17
2/29/2024,nr,PM,4:16,33,wall,close,1,17
2/29/2024,nr,PM,4:21,4,under,medium,1,17
2/29/2024,nr,PM,4:21,84,under,medium,1,17
2/29/2024,nr,PM,4:23,9,under,close,1,17
2/29/2024,nr,PM,4:23,4,under,close,1,17
2/29/2024,nr,PM,4:31,9,under,close,1,17
2/29/2024,nr,PM,4:35,100,under,close,1,17
2/29/2024,nr,PM,4:36,87,under,far,3,17
2/29/2024,nr,PM,4:38,54,under,close,2,17
2/29/2024,nr,PM,4:39,33,wall,close,2,17
2/29/2024,nr,PM,4:40,77,under,close,1,17
2/29/2024,nr,PM,4:41,50,under,medium,1,17
2/29/2024,nr,PM,4:43,100,under,close,1,17
2/29/2024,nr,PM,4:51,54,under,close,1,17
2/29/2024,nr,PM,4:55,4,under,close,1,17
2/29/2024,nr,PM,4:55,9,under,far,1,17
3/5/2024,nr,PM,3:01,66,under,close,1,18
3/5/2024,nr,PM,3:08,9,under,close,1,18
3/5/2024,nr,PM,3:19,77,under,medium,1,18
3/5/2024,nr,PM,3:20,100,direct,medium,1,18
3/5/2024,nr,PM,3:29,4,under,close,2,18
3/5/2024,nr,PM,3:32,33,wall,close,1,18
3/5/2024,nr,PM,3:41,54,under,medium,1,18
3/5/2024,nr,PM,3:56,33,wall,close,1,18
3/5/2024,nr,PM,4:02,100,wall,close,1,18
3/5/2024,nr,PM,4:06,56,under,close,1,18
3/5/2024,nr,PM,4:11,4,under,close,1,18
3/5/2024,nr,PM,4:20,19,under,close,1,18
3/5/2024,nr,PM,4:31,33,wall,close,1,18
3/5/2024,nr,PM,4:31,9,under,close,3,18
3/5/2024,nr,PM,4:31,4,under,medium,1,18
3/5/2024,nr,PM,4:45,9,under,medium,2,18
3/5/2024,nr,PM,4:51,56,under,close,1,18
3/7/2024,nr,PM,2:56,56,under,medium,1,19
3/7/2024,nr,PM,2:58,50,under,far,1,19
3/7/2024,nr,PM,2:58,54,under,medium,1,19
3/7/2024,nr,PM,3:01,33,wall,close,1,19
3/7/2024,nr,PM,3:04,33,wall,close,1,19
3/7/2024,nr,PM,3:10,33,wall,close,1,19
3/7/2024,nr,PM,3:32,4,under,medium,1,19
3/7/2024,nr,PM,3:32,9,under,close,1,19
3/7/2024,nr,PM,3:41,50,under,close,1,19
3/7/2024,nr,PM,3:44,76,under,close,3,19
3/7/2024,nr,PM,3:44,70,under,close,1,19
3/7/2024,nr,PM,3:50,70,under,medium,1,19
3/7/2024,nr,PM,3:51,9,under,medium,1,19
3/7/2024,nr,PM,3:52,87,under,close,1,19
3/7/2024,nr,PM,4:01,9,under,close,1,19
3/7/2024,nr,PM,4:03,9,direct,far,1,19
3/7/2024,nr,PM,4:05,33,wall,close,3,19
3/7/2024,nr,PM,4:19,19,under,medium,1,19
3/7/2024,nr,PM,4:20,77,under,medium,1,19
3/7/2024,nr,PM,4:21,4,under,close,1,19
3/7/2024,nr,PM,4:24,56,direct,far,1,19
3/7/2024,nr,PM,4:26,48,under,close,1,19
3/7/2024,nr,PM,4:28,100,under,close,1,19
3/7/2024,nr,PM,4:30,33,wall,close,1,19
3/7/2024,nr,PM,4:32,4,under,medium,2,19
3/7/2024,nr,PM,4:34,56,under,medium,1,19
3/7/2024,nr,PM,4:36,48,under,close,1,19
3/7/2024,nr,PM,4:36,33,under,close,2,19
3/7/2024,nr,PM,4:39,33,under,medium,1,19
3/7/2024,nr,PM,4:43,56,under,medium,1,19
3/7/2024,nr,PM,4:47,9,under,medium,1,19
3/7/2024,nr,PM,4:51,4,under,close,1,19
3/15/2024,ca,AM,8:50,50,under,medium,1,20
3/15/2024,ca,AM,8:51,105,under,medium,1,20
3/15/2024,ca,AM,8:52,87,under,close,1,20
3/15/2024,ca,AM,8:52,54,under,medium,1,20
3/15/2024,ca,AM,8:53,4,under,close,1,20
3/15/2024,ca,AM,8:58,76,under,close,1,20
3/15/2024,ca,AM,8:58,4,under,medium,1,20
3/15/2024,ca,AM,8:59,87,under,medium,1,20
3/15/2024,ca,AM,8:59,77,under,far,1,20
3/15/2024,ca,AM,8:59,9,wall,close,1,20
3/15/2024,ca,AM,8:59,74,under,far,1,20
3/15/2024,ca,AM,9:00,9,under,close,1,20
3/15/2024,ca,AM,9:00,76,under,close,3,20
3/15/2024,ca,AM,9:00,105,wall,close,1,20
3/15/2024,ca,AM,9:02,72,under,medium,1,20
3/15/2024,ca,AM,9:02,87,under,medium,1,20
3/15/2024,ca,AM,9:03,9,under,close,2,20
3/15/2024,ca,AM,9:03,66,under,far,1,20
3/15/2024,ca,AM,9:05,50,under,close,1,20
3/15/2024,ca,AM,9:05,19,under,far,1,20
3/15/2024,ca,AM,9:05,19,under,close,1,20
3/15/2024,ca,AM,9:06,100,under,medium,1,20
3/15/2024,ca,AM,9:08,4,under,close,1,20
3/15/2024,ca,AM,9:08,19,under,close,2,20
3/15/2024,ca,AM,9:10,56,under,medium,1,20
3/15/2024,ca,AM,9:15,66,wall,close,1,20
3/15/2024,ca,AM,9:15,54,under,far,1,20
3/15/2024,ca,AM,9:16,45,under,medium,1,20
3/15/2024,ca,AM,9:16,66,under,medium,3,20
3/15/2024,ca,AM,9:18,19,under,medium,1,20
3/15/2024,ca,AM,9:20,50,under,far,1,20
3/15/2024,ca,AM,9:21,66,under,close,1,20
3/15/2024,ca,AM,9:26,66,under,close,2,20
3/15/2024,ca,AM,9:29,66,under,close,2,20
3/15/2024,ca,AM,9:29,105,wall,close,2,20
3/15/2024,ca,AM,9:31,45,under,far,1,20
3/15/2024,ca,AM,9:33,74,under,close,2,20
3/15/2024,ca,AM,9:34,4,under,close,1,20
3/15/2024,ca,AM,9:39,33,wall,close,1,20
3/15/2024,ca,AM,9:46,100,under,close,1,20
3/15/2024,ca,AM,9:46,100,under,far,1,20
3/15/2024,ca,AM,9:46,50,under,far,1,20
3/15/2024,ca,AM,9:55,105,wall,close,1,20
3/15/2024,ca,AM,9:57,105,under,close,2,20
3/15/2024,ca,AM,9:58,80,wall,close,1,20
3/15/2024,ca,AM,9:59,105,wall,close,1,20
3/15/2024,ca,AM,9:59,50,under,medium,1,20
3/15/2024,ca,AM,9:59,48,under,medium,1,20
3/15/2024,ca,AM,10:00,77,under,close,1,20
3/15/2024,ca,AM,10:01,45,under,far,1,20
3/15/2024,ca,AM,10:02,50,under,close,1,20
3/15/2024,ca,AM,10:02,50,under,far,1,20
3/15/2024,ca,AM,10:02,45,under,far,3,20
3/15/2024,ca,AM,10:03,48,under,medium,1,20
3/15/2024,ca,AM,10:04,77,under,close,1,20
3/15/2024,ca,AM,10:05,4,under,close,1,20
3/15/2024,ca,AM,10:07,76,under,far,1,20
3/15/2024,ca,AM,10:07,50,under,medium,1,20
3/15/2024,ca,AM,10:10,87,under,far,1,20
3/15/2024,ca,AM,10:10,48,under,medium,1,20
3/15/2024,ca,AM,10:16,48,under,medium,1,20
3/15/2024,ca,AM,10:19,100,under,close,1,20
3/15/2024,ca,AM,10:19,48,under,close,1,20
3/15/2024,ca,AM,10:20,87,under,far,1,20
3/15/2024,ca,AM,10:20,80,under,far,1,20
3/15/2024,ca,AM,10:24,48,under,medium,1,20
3/15/2024,ca,AM,10:25,45,under,close,1,20
3/15/2024,ca,AM,10:25,70,under,medium,1,20
3/15/2024,ca,AM,10:25,80,under,medium,1,20
3/15/2024,ca,AM,10:26,87,under,medium,1,20
3/15/2024,ca,AM,10:28,54,under,far,1,20
3/15/2024,ca,AM,10:29,33,under,close,1,20
3/15/2024,ca,AM,10:29,80,under,close,1,20
3/15/2024,ca,AM,10:29,70,under,close,1,20
3/15/2024,ca,AM,10:30,87,under,close,2,20
3/15/2024,ca,AM,10:31,80,under,far,4,20
3/15/2024,ca,AM,10:31,74,under,far,1,20
3/15/2024,ca,AM,10:34,48,under,close,1,20
3/15/2024,ca,AM,10:35,72,under,medium,1,20
3/15/2024,ca,AM,10:35,87,under,close,1,20
3/15/2024,ca,AM,10:36,105,under,close,1,20
3/15/2024,ca,AM,10:37,33,under,close,6,20
3/15/2024,ca,AM,10:37,54,under,close,1,20
3/15/2024,ca,AM,10:38,48,under,medium,1,20
3/15/2024,ca,AM,10:41,48,under,medium,1,20
3/15/2024,ca,AM,10:42,33,under,close,1,20
3/15/2024,ca,AM,10:42,33,under,far,1,20
3/15/2024,ca,AM,10:44,87,under,medium,1,20
3/15/2024,ca,AM,10:44,33,under,close,1,20
3/15/2024,ca,AM,10:45,48,under,medium,1,20
3/15/2024,ca,AM,10:46,4,under,close,2,20
3/15/2024,ca,AM,10:46,4,under,far,1,20
3/15/2024,ca,AM,10:48,48,under,medium,1,20
3/22/2024,ca,AM,7:33,56,under,close,1,21
3/22/2024,ca,AM,7:33,56,under,far,1,21
3/22/2024,ca,AM,7:33,67,under,far,1,21
3/22/2024,ca,AM,7:36,76,under,far,1,21
3/22/2024,ca,AM,7:36,45,under,far,2,21
3/22/2024,ca,AM,7:36,72,under,far,1,21
3/22/2024,ca,AM,7:36,56,under,far,3,21
3/22/2024,ca,AM,7:37,76,direct,far,1,21
3/22/2024,ca,AM,7:37,45,direct,far,1,21
3/22/2024,ca,AM,7:37,105,under,close,1,21
3/22/2024,ca,AM,7:33,56,under,far,1,21
3/22/2024,ca,AM,7:37,33,under,close,3,21
3/22/2024,ca,AM,7:37,9,under,close,1,21
3/22/2024,ca,AM,7:37,4,under,medium,1,21
3/22/2024,ca,AM,7:37,74,under,far,1,21
3/22/2024,ca,AM,7:39,100,under,close,1,21
3/22/2024,ca,AM,7:39,56,under,close,2,21
3/22/2024,ca,AM,7:39,56,under,far,2,21
3/22/2024,ca,AM,7:39,80,under,far,2,21
3/22/2024,ca,AM,7:39,9,under,medium,2,21
3/22/2024,ca,AM,7:39,105,under,close,1,21
3/22/2024,ca,AM,7:41,33,under,medium,1,21
3/22/2024,ca,AM,7:41,80,under,medium,2,21
3/22/2024,ca,AM,7:41,76,under,close,1,21
3/22/2024,ca,AM,7:41,45,direct,medium,1,21
3/22/2024,ca,AM,7:41,9,direct,medium,1,21
3/22/2024,ca,AM,7:42,45,under,close,2,21
3/22/2024,ca,AM,7:43,77,under,close,1,21
3/22/2024,ca,AM,7:44,9,under,medium,1,21
3/22/2024,ca,AM,7:44,76,under,close,1,21
3/22/2024,ca,AM,7:44,50,under,medium,1,21
3/22/2024,ca,AM,7:44,77,under,medium,4,21
3/22/2024,ca,AM,7:44,56,under,medium,4,21
3/22/2024,ca,AM,7:44,74,under,close,4,21
3/22/2024,ca,AM,7:45,76,under,medium,5,21
3/22/2024,ca,AM,7:45,80,under,far,4,21
3/22/2024,ca,AM,7:45,80,under,close,1,21
3/22/2024,ca,AM,7:45,54,under,medium,1,21
3/22/2024,ca,AM,7:47,105,under,close,2,21
3/22/2024,ca,AM,7:47,70,under,close,1,21
3/22/2024,ca,AM,7:47,33,under,medium,6,21
3/22/2024,ca,AM,7:47,50,under,medium,2,21
3/22/2024,ca,AM,7:47,9,under,close,2,21
3/22/2024,ca,AM,7:49,74,under,medium,1,21
3/22/2024,ca,AM,7:49,76,under,close,2,21
3/22/2024,ca,AM,7:50,56,under,medium,2,21
3/22/2024,ca,AM,7:51,45,under,far,2,21
3/22/2024,ca,AM,7:51,54,under,medium,2,21
3/22/2024,ca,AM,7:51,74,under,medium,2,21
3/22/2024,ca,AM,7:51,33,under,far,2,21
3/22/2024,ca,AM,7:52,45,wall,close,1,21
3/22/2024,ca,AM,7:52,45,under,medium,1,21
3/22/2024,ca,AM,7:53,76,direct,far,1,21
3/22/2024,ca,AM,7:53,75,under,close,1,21
3/22/2024,ca,AM,7:53,70,under,far,1,21
3/22/2024,ca,AM,7:53,105,under,close,1,21
3/22/2024,ca,AM,7:53,9,under,medium,1,21
3/22/2024,ca,AM,7:54,105,direct,medium,1,21
3/22/2024,ca,AM,7:55,56,under,far,3,21
3/22/2024,ca,AM,7:56,72,under,far,1,21
3/22/2024,ca,AM,7:57,70,under,far,1,21
3/22/2024,ca,AM,7:57,33,under,far,3,21
3/22/2024,ca,AM,7:57,80,wall,close,2,21
3/22/2024,ca,AM,7:57,70,wall,close,1,21
3/22/2024,ca,AM,7:58,80,under,close,2,21
3/22/2024,ca,AM,7:58,9,under,medium,1,21
3/22/2024,ca,AM,7:58,76,under,far,3,21
3/22/2024,ca,AM,7:59,50,under,far,1,21
3/22/2024,ca,AM,7:59,33,under,far,2,21
3/22/2024,ca,AM,8:00,105,under,far,1,21
3/22/2024,ca,AM,8:00,74,under,far,1,21
3/22/2024,ca,AM,8:00,76,under,far,3,21
3/22/2024,ca,AM,8:02,50,under,far,1,21
3/22/2024,ca,AM,8:02,76,direct,far,1,21
3/22/2024,ca,AM,8:02,56,direct,far,2,21
3/22/2024,ca,AM,8:03,76,under,close,2,21
3/22/2024,ca,AM,8:03,76,under,far,1,21
3/22/2024,ca,AM,8:03,80,direct,far,1,21
3/22/2024,ca,AM,8:03,100,under,far,1,21
3/22/2024,ca,AM,8:03,66,direct,far,1,21
3/22/2024,ca,AM,8:03,80,under,close,1,21
3/22/2024,ca,AM,8:03,33,under,close,1,21
3/22/2024,ca,AM,8:04,66,under,far,1,21
3/22/2024,ca,AM,8:04,50,direct,far,1,21
3/22/2024,ca,AM,8:04,54,under,far,1,21
3/22/2024,ca,AM,8:05,33,under,medium,1,21
3/22/2024,ca,AM,8:05,56,under,far,2,21
3/22/2024,ca,AM,8:05,54,under,medium,1,21
3/22/2024,ca,AM,8:05,105,under,close,1,21
3/22/2024,ca,AM,8:05,45,under,medium,1,21
3/22/2024,ca,AM,8:05,4,wall,close,1,21
3/22/2024,ca,AM,8:06,56,wall,close,1,21
3/22/2024,ca,AM,8:07,33,under,close,1,21
3/22/2024,ca,AM,8:07,33,under,far,1,21
3/22/2024,ca,AM,8:07,66,under,medium,1,21
3/22/2024,ca,AM,8:08,76,under,close,2,21
3/22/2024,ca,AM,8:08,45,under,far,1,21
3/22/2024,ca,AM,8:08,50,under,medium,2,21
3/22/2024,ca,AM,8:09,80,under,medium,1,21
3/22/2024,ca,AM,8:09,56,direct,medium,1,21
3/22/2024,ca,AM,8:09,56,under,far,1,21
3/22/2024,ca,AM,8:10,100,under,close,1,21
3/22/2024,ca,AM,8:10,33,wall,close,1,21
3/22/2024,ca,AM,8:11,76,direct,far,1,21
3/22/2024,ca,AM,8:11,56,under,far,1,21
3/22/2024,ca,AM,8:11,45,under,close,1,21
3/22/2024,ca,AM,8:12,76,under,far,1,21
3/22/2024,ca,AM,8:12,50,under,far,1,21
3/22/2024,ca,AM,8:12,70,under,far,1,21
3/22/2024,ca,AM,8:13,9,under,medium,1,21
3/22/2024,ca,AM,8:14,105,under,close,2,21
3/22/2024,ca,AM,8:14,76,under,close,3,21
3/22/2024,ca,AM,8:15,56,under,far,1,21
3/22/2024,ca,AM,8:15,50,under,close,1,21
3/22/2024,ca,AM,8:16,66,under,medium,2,21
3/22/2024,ca,AM,8:16,4,wall,close,1,21
3/22/2024,ca,AM,8:17,33,under,close,3,21
3/22/2024,ca,AM,8:18,9,under,close,1,21
3/22/2024,ca,AM,8:18,4,under,close,1,21
3/22/2024,ca,AM,8:18,76,under,close,4,21
3/22/2024,ca,AM,8:18,105,under,far,1,21
3/22/2024,ca,AM,8:20,33,under,far,2,21
3/22/2024,ca,AM,8:21,9,under,medium,1,21
3/22/2024,ca,AM,8:21,48,under,medium,1,21
3/22/2024,ca,AM,8:21,76,wall,close,1,21
3/22/2024,ca,AM,8:21,76,under,close,5,21
3/22/2024,ca,AM,8:22,74,under,close,1,21
3/22/2024,ca,AM,8:22,72,direct,far,1,21
3/22/2024,ca,AM,8:23,70,under,medium,1,21
3/22/2024,ca,AM,8:23,100,under,medium,1,21
3/22/2024,ca,AM,8:24,76,wall,close,1,21
3/22/2024,ca,AM,8:25,105,under,medium,1,21
3/22/2024,ca,AM,8:26,100,under,close,1,21
3/22/2024,ca,AM,8:27,105,wall,close,1,21
3/22/2024,ca,AM,8:28,105,under,close,1,21
3/22/2024,ca,AM,8:28,66,under,close,1,21
3/22/2024,ca,AM,8:29,74,under,close,2,21
3/22/2024,ca,AM,8:29,105,under,close,1,21
3/22/2024,ca,AM,8:31,48,under,medium,1,21
3/22/2024,ca,AM,8:31,56,under,close,4,21
3/22/2024,ca,AM,8:31,56,under,far,1,21
3/22/2024,ca,AM,8:32,33,under,far,1,21
3/22/2024,ca,AM,8:33,74,direct,far,1,21
3/22/2024,ca,AM,8:34,76,under,close,1,21
3/22/2024,ca,AM,8:34,76,under,far,1,21
3/22/2024,ca,AM,8:34,80,under,close,1,21
3/22/2024,ca,AM,8:34,33,under,close,1,21
3/22/2024,ca,AM,8:34,56,under,medium,1,21
3/22/2024,ca,AM,8:34,80,under,far,1,21
3/22/2024,ca,AM,8:34,48,direct,far,1,21
3/22/2024,ca,AM,8:34,77,under,far,1,21
3/22/2024,ca,AM,8:35,56,wall,close,1,21
3/22/2024,ca,AM,8:36,80,under,medium,1,21
3/22/2024,ca,AM,8:36,56,under,medium,1,21
3/22/2024,ca,AM,8:36,70,under,far,1,21
3/22/2024,ca,AM,8:36,77,wall,close,1,21
3/22/2024,ca,AM,8:36,45,under,close,1,21
3/22/2024,ca,AM,8:36,45,under,close,1,21
3/22/2024,ca,AM,8:36,33,under,far,4,21
3/22/2024,ca,AM,8:36,105,under,far,1,21
3/22/2024,ca,AM,8:37,100,under,far,1,21
3/22/2024,ca,AM,8:38,50,under,far,1,21
3/22/2024,ca,AM,8:39,54,under,far,2,21
3/22/2024,ca,AM,8:39,66,under,medium,1,21
3/22/2024,ca,AM,8:39,70,under,medium,1,21
3/22/2024,ca,AM,8:39,9,under,far,2,21
3/22/2024,ca,AM,8:39,9,under,close,2,21
3/22/2024,ca,AM,8:39,9,under,far,3,21
3/22/2024,ca,AM,8:39,9,under,close,2,21
3/22/2024,ca,AM,8:41,33,under,far,3,21
3/22/2024,ca,AM,8:41,56,under,far,3,21
3/22/2024,ca,AM,8:42,72,under,far,1,21
3/22/2024,ca,AM,8:44,100,direct,far,1,21
3/22/2024,ca,AM,8:44,56,under,close,5,21
3/22/2024,ca,AM,8:46,74,under,close,1,21
3/22/2024,ca,AM,8:46,100,under,medium,1,21
3/22/2024,ca,AM,8:46,33,under,close,1,21
3/22/2024,ca,AM,8:48,74,under,medium,1,21
3/22/2024,ca,AM,8:48,56,under,medium,1,21
3/22/2024,ca,AM,8:48,66,under,medium,1,21
3/22/2024,ca,AM,8:50,56,wall,close,1,21
3/22/2024,ca,AM,8:50,56,under,close,7,21
3/22/2024,ca,AM,8:50,74,under,close,2,21
3/22/2024,ca,AM,8:50,77,under,medium,1,21
3/22/2024,ca,AM,8:52,54,under,close,1,21
3/22/2024,ca,AM,8:52,72,under,far,1,21
3/22/2024,ca,AM,8:54,105,under,close,1,21
3/22/2024,ca,AM,8:59,66,under,far,1,21
3/22/2024,ca,AM,8:59,100,under,close,1,21
3/22/2024,ca,AM,8:59,80,under,close,1,21
3/22/2024,ca,AM,8:59,48,wall,close,1,21
3/22/2024,ca,AM,8:59,105,wall,close,1,21
3/22/2024,ca,AM,9:00,87,under,close,1,21
3/22/2024,ca,AM,9:00,76,under,close,5,21
3/22/2024,ca,AM,9:00,9,under,close,1,21
3/22/2024,ca,AM,9:00,77,wall,close,1,21
3/22/2024,ca,AM,9:02,48,wall,close,1,21
3/22/2024,ca,AM,9:02,74,wall,close,1,21
3/22/2024,ca,AM,9:02,33,under,far,2,21
3/22/2024,ca,AM,9:02,74,under,medium,2,21
3/22/2024,ca,AM,9:02,56,under,close,3,21
3/22/2024,ca,AM,9:02,80,under,close,2,21
3/22/2024,ca,AM,9:03,72,under,close,2,21
3/22/2024,ca,AM,9:03,100,under,close,4,21
3/22/2024,ca,AM,9:03,50,under,close,1,21
3/22/2024,ca,AM,9:03,9,under,close,5,21
3/22/2024,ca,AM,9:03,56,under,close,4,21
3/22/2024,ca,AM,9:03,76,under,close,3,21
3/22/2024,ca,AM,9:04,56,wall,close,1,21
3/22/2024,ca,AM,9:04,80,wall,close,1,21
3/22/2024,ca,AM,9:04,56,under,far,2,21
3/22/2024,ca,AM,9:04,56,under,close,3,21
3/22/2024,ca,AM,9:04,70,under,medium,2,21
3/22/2024,ca,AM,9:04,66,under,medium,4,21
3/22/2024,ca,AM,9:04,80,under,close,1,21
3/22/2024,ca,AM,9:05,9,under,far,1,21
3/22/2024,ca,AM,9:06,105,wall,close,2,21
3/22/2024,ca,AM,9:06,56,wall,close,1,21
3/22/2024,ca,AM,9:06,56,under,close,5,21
3/22/2024,ca,AM,9:08,105,under,close,1,21
3/22/2024,ca,AM,9:08,66,under,close,1,21
3/22/2024,ca,AM,9:08,4,under,close,1,21
3/22/2024,ca,AM,9:08,100,under,far,1,21
3/22/2024,ca,AM,9:09,77,wall,close,1,21
3/22/2024,ca,AM,9:09,74,wall,close,1,21
3/22/2024,ca,AM,9:09,66,wall,close,1,21
3/22/2024,ca,AM,9:09,70,under,far,1,21
3/22/2024,ca,AM,9:09,76,under,close,2,21
3/22/2024,ca,AM,9:10,105,wall,close,1,21
3/22/2024,ca,AM,9:10,70,under,far,1,21
3/22/2024,ca,AM,9:10,56,under,far,1,21
3/22/2024,ca,AM,9:10,56,under,close,2,21
3/22/2024,ca,AM,9:14,74,under,medium,1,21
3/22/2024,ca,AM,9:14,76,under,close,3,21
3/22/2024,ca,AM,9:14,33,under,close,3,21
3/22/2024,ca,AM,9:14,74,under,close,1,21
3/22/2024,ca,AM,9:14,80,direct,close,1,21
3/22/2024,ca,AM,9:17,70,wall,close,1,21
3/22/2024,ca,AM,9:17,33,wall,close,1,21
3/22/2024,ca,AM,9:17,76,direct,far,1,21
3/22/2024,ca,AM,9:18,33,under,close,4,21
3/22/2024,ca,AM,9:18,19,under,close,1,21
3/22/2024,ca,AM,9:18,76,under,close,2,21
3/22/2024,ca,AM,9:18,56,under,medium,2,21
3/22/2024,ca,AM,9:20,4,wall,close,1,21
3/22/2024,ca,AM,9:20,33,wall,close,1,21
3/22/2024,ca,AM,9:20,105,under,close,1,21
3/22/2024,ca,AM,9:20,80,under,close,2,21
3/22/2024,ca,AM,9:21,76,under,medium,1,21
3/22/2024,ca,AM,9:22,80,direct,far,1,21
3/22/2024,ca,AM,9:22,77,direct,far,1,21
3/22/2024,ca,AM,9:22,100,direct,far,1,21
3/22/2024,ca,AM,9:22,66,under,far,1,21
3/22/2024,ca,AM,9:22,80,under,medium,1,21
3/22/2024,ca,AM,9:22,33,under,far,2,21
3/22/2024,ca,AM,9:22,56,wall,close,1,21
3/22/2024,ca,AM,9:22,9,under,far,3,21
3/22/2024,ca,AM,9:23,56,under,medium,4,21
3/22/2024,ca,AM,9:23,80,under,medium,2,21
3/22/2024,ca,AM,9:25,4,wall,close,1,21
3/22/2024,ca,AM,9:25,56,under,close,5,21
3/22/2024,ca,AM,9:25,105,under,close,2,21
3/22/2024,ca,AM,9:25,87,under,far,1,21
3/22/2024,ca,AM,10:00,56,under,medium,1,22
3/22/2024,ca,AM,10:02,4,under,close,1,22
3/22/2024,ca,AM,10:06,76,under,far,1,22
3/22/2024,ca,AM,10:06,70,under,far,1,22
3/22/2024,ca,AM,10:09,9,direct,far,1,22
3/22/2024,ca,AM,10:09,48,wall,close,1,22
3/22/2024,ca,AM,10:10,72,direct,close,1,22
3/22/2024,ca,AM,10:14,72,wall,close,1,22
3/22/2024,ca,AM,10:14,54,under,close,1,22
3/22/2024,ca,AM,10:15,72,wall,close,1,22
3/22/2024,ca,AM,10:16,76,under,far,1,22
3/22/2024,ca,AM,10:16,76,direct,far,1,22
3/22/2024,ca,AM,10:17,72,wall,close,1,22
3/22/2024,ca,AM,10:19,19,under,close,1,22
3/22/2024,ca,AM,10:23,54,under,close,1,22
3/22/2024,ca,AM,10:26,4,under,close,1,22
3/22/2024,ca,AM,10:26,100,under,far,1,22
3/22/2024,ca,AM,10:26,66,under,far,1,22
3/22/2024,ca,AM,10:28,9,under,far,1,22
3/22/2024,ca,AM,10:29,72,under,close,1,22
3/22/2024,ca,AM,10:30,76,under,far,1,22
3/22/2024,ca,AM,10:43,76,under,far,1,22
3/22/2024,ca,AM,10:46,80,direct,close,2,22
3/22/2024,ca,AM,10:50,76,under,medium,1,22
3/22/2024,ca,AM,10:56,72,under,far,1,22
3/22/2024,ca,AM,10:58,87,wall,close,1,22
3/22/2024,ca,AM,10:58,105,wall,close,2,22
3/22/2024,ca,AM,11:01,80,under,far,1,22
3/22/2024,ca,AM,11:02,72,wall,close,1,22
3/22/2024,ca,AM,11:02,54,wall,close,1,22
3/22/2024,ca,AM,11:14,50,under,medium,1,22
3/22/2024,ca,AM,11:15,105,under,far,1,22
3/22/2024,ca,AM,11:17,56,wall,close,1,22
3/22/2024,ca,AM,11:18,100,under,close,1,22
3/22/2024,ca,AM,11:19,4,under,close,1,22
3/22/2024,ca,AM,11:20,76,under,close,1,22
3/22/2024,ca,AM,11:24,72,direct,close,1,22
3/22/2024,ca,AM,11:26,45,under,far,1,22
3/22/2024,ca,AM,11:28,77,direct,close,1,22
3/22/2024,ca,AM,11:28,76,under,far,1,22
3/22/2024,ca,AM,11:29,72,wall,close,1,22
3/22/2024,ca,AM,11:30,33,under,medium,1,22
3/22/2024,ca,AM,11:30,54,under,far,1,22
3/22/2024,ca,AM,11:32,50,under,medium,1,22
3/22/2024,ca,AM,11:32,56,under,close,1,22
3/22/2024,ca,AM,11:34,76,under,far,1,22
3/22/2024,ca,AM,11:34,54,under,far,1,22
3/22/2024,ca,AM,11:34,74,under,close,1,22
3/22/2024,ca,AM,11:34,4,under,medium,1,22
3/22/2024,ca,AM,11:37,50,under,medium,1,22
3/22/2024,ca,AM,11:42,9,under,medium,1,22
3/22/2024,ca,AM,11:43,54,under,close,1,22
3/22/2024,ca,AM,11:43,56,wall,close,1,22
3/22/2024,ca,AM,11:46,54,wall,close,1,22
3/22/2024,ca,AM,11:54,70,under,far,1,22
3/22/2024,ca,AM,11:56,9,under,far,1,22
3/22/2024,ca,AM,11:57,100,under,far,1,22